Time, Type, Data
18/09/2016 17:15:58.619,RX,02-22-58-67-E0-07-09-12-F1-4E-B4-03-FD-F5-D7-5F-7F-FC-ED-A7-5F-7E-F8-D9-47-9F-7C-F1-BD-E7-5E-7B-EE-C1-47-1F-7E-FA-E1-27-1F-7A-DD-55-07-DD-73-D2-61-E7-DD-78-E7-A1-67-9E-78-DF-79-17-5E-79-EB-C1-37-1F-7D-F3-C5-E7-DE-7A-EA-A5-97-9E-7A-EB-AD-B7-DE-7A-EC-BD-37-5F-7E-FF-15-B8-20-28-03
18/09/2016 17:15:58.821,RX,02-22-58-68-E0-07-09-12-ED-4F-B4-03-10-52-78-A1-86-1D-82-28-E2-88-22-86-F8-61-87-1A-62-68-21-85-12-46-F8-A0-83-0C-2E-A8-60-82-09-22-88-E0-81-06-16-48-E0-80-03-12-58-A0-81-07-22-88-E0-81-06-16-58-20-81-05-16-68-A0-81-05-12-38-E0-80-02-06-F8-1F-7F-F8-D5-37-5F-7C-EF-B9-E7-1E-DE-03
18/09/2016 17:15:59.057,RX,02-20-35-1A-E0-07-09-12-DE-51-B4-03-5B-00-99-00-00-80-E8-FF-01-00-04-00-31-10-03-00-58-07-58-02-A0-FF-A6-FF-20-00-27-00-13-00-1E-00-00-00-FF-FF-00-00-00-00-01-00-5A-80-22-03
18/09/2016 17:15:59.172,RX,02-22-58-69-E0-07-09-12-E9-50-B4-03-EF-C9-67-9F-7E-FD-FD-07-60-80-01-0A-48-E0-81-0A-32-D8-A0-83-0D-32-B8-A0-82-09-22-78-A0-81-04-0E-18-E0-7F-FD-F1-B7-9F-7E-F9-E5-97-5F-7E-F8-E1-77-DF-7D-F7-DD-87-5F-7E-F9-E9-A7-9F-7E-FA-E9-A7-DF-7E-FB-F1-D7-5F-7F-FD-F9-D7-5F-7F-FC-F1-B7-1F-71-03-02-24-2D-29-E0-07-09-12-55-4E-B4-03-76-03-76-03-76-03-76-03-76-03-76-03-76-03-76-03-A6-FC-A6-FC-A6-FC-A6-FC-A6-FC-A6-FC-A6-FC-A6-FC-A6-FC-A6-FC-E6-03
18/09/2016 17:15:59.343,RX,02-22-58-6A-E0-07-09-12-E6-51-B4-03-FB-ED-A7-9F-7E-F9-E1-77-9F-7D-F5-D5-57-9F-7D-F8-E5-B7-1F-7F-FE-01-28-20-81-06-1E-88-20-82-08-1E-78-E0-81-07-22-A8-A0-83-12-5A-98-61-86-17-4A-A8-E0-80-FD-E9-B7-5F-7F-01-12-78-20-82-07-16-38-A0-80-03-1A-B8-E0-83-0F-36-A8-E0-81-06-26-D8-20-93-03
18/09/2016 17:15:59.421,TX,02-23-00-00-03
18/09/2016 17:15:59.507,RX,02-21-20-9A-E0-07-09-12-DD-4F-B4-03-FE-F9-E7-9F-7F-FF-FD-F7-DF-7F-00-02-08-20-80-00-02-08-60-80-01-06-08-DD-03
18/09/2016 17:15:59.625,RX,02-22-58-6B-E0-07-09-12-E2-52-B4-03-10-46-08-61-83-0B-22-58-E0-80-02-02-08-20-80-01-0E-58-E0-81-09-2E-C8-60-83-0E-3A-E8-A0-83-0E-36-D8-20-83-0B-26-78-A0-81-05-12-48-60-81-05-1A-68-A0-81-06-1A-68-60-81-05-16-48-20-81-04-12-38-A0-80-00-02-F8-9F-7F-FE-F9-E7-5F-7F-FD-F9-07-20-E2-03
18/09/2016 17:15:59.836,RX,02-22-58-6C-E0-07-09-12-DE-53-B4-03-04-22-B8-E0-82-0A-1E-48-A0-80-01-02-F8-DF-7F-FF-01-18-A0-80-03-12-58-A0-81-07-22-88-20-82-08-1E-68-A0-81-05-12-48-60-81-05-1A-78-20-82-08-26-98-60-82-0A-2A-B8-20-83-0C-36-D8-60-83-0D-32-B8-E0-82-0A-2A-A8-A0-82-09-26-88-20-82-08-26-98-20-08-03
18/09/2016 17:16:00.067,RX,02-20-35-1B-E0-07-09-12-C6-55-B4-03-5A-00-99-00-00-80-E8-FF-02-00-04-00-31-10-03-00-58-07-F4-01-9F-FF-A6-FF-1F-00-28-00-15-00-1E-00-00-00-FF-FF-00-00-00-00-01-00-5A-80-4F-03
18/09/2016 17:16:00.185,RX,02-22-58-6D-E0-07-09-12-DA-54-B4-03-0A-2E-B8-E0-82-0B-2A-A8-60-82-09-2A-B8-E0-82-0C-2E-B8-60-82-07-1A-58-60-81-05-1A-78-20-82-09-26-98-60-82-09-26-A8-E0-82-0B-2E-B8-A0-82-0A-2E-E8-A0-84-18-76-18-62-88-1D-5A-E8-A0-81-01-FE-17-A0-81-0B-3E-18-E1-83-0B-16-08-A0-7F-00-1E-08-21-42-03-02-24-2D-2A-E0-07-09-12-46-52-B4-03-A6-FC-A6-FC-A6-FC-FB-02-FB-02-FB-02-FB-02-FB-02-FB-02-FB-02-FB-02-FB-02-FB-02-FB-02-FB-02-FB-02-EC-FC-EC-FC-E0-03
18/09/2016 17:16:00.341,RX,02-22-58-6E-E0-07-09-12-D6-55-B4-03-17-6A-78-61-84-0B-26-A8-20-83-0C-2E-98-E0-81-05-16-68-A0-81-06-1E-88-A0-82-0C-3E-28-61-85-18-6E-E8-61-88-22-92-48-22-89-23-86-F8-61-87-1B-66-88-E1-85-16-56-38-A1-84-11-42-F8-E0-83-0E-36-C8-E0-82-0A-26-88-20-82-09-26-A8-A0-82-0A-26-88-20-6D-03
18/09/2016 17:16:00.435,TX,02-23-00-00-03
18/09/2016 17:16:00.519,RX,02-21-20-9B-E0-07-09-12-CE-53-B4-03-01-06-18-60-80-01-06-18-60-80-01-06-18-60-80-01-06-18-20-80-00-02-08-98-03
18/09/2016 17:16:00.636,RX,02-22-58-6F-E0-07-09-12-D2-56-B4-03-08-1E-78-A0-81-06-1E-88-E0-82-0E-46-38-E1-84-10-36-98-E0-81-05-0E-08-60-7F-FA-E5-97-9F-7E-FD-05-58-20-82-0A-32-C8-20-83-0B-2A-98-20-82-07-1A-58-20-81-03-0E-38-20-81-05-1A-78-E0-81-06-16-38-A0-80-01-02-08-20-80-00-FE-E7-9F-7F-FE-F9-F7-1F-95-03
18/09/2016 17:16:00.760,RX,02-23-00-00-03
18/09/2016 17:16:00.876,RX,02-22-58-70-E0-07-09-12-CE-57-B4-03-00-02-18-A0-80-02-0A-28-A0-80-02-0A-28-E0-80-02-0A-18-20-80-00-02-18-A0-80-04-16-68-A0-81-06-16-48-E0-80-01-02-F8-9F-7F-FE-F5-C7-DF-7E-FA-E5-97-5F-7E-F9-E5-A7-5F-7E-F9-E5-B7-DF-7F-03-22-D8-A0-83-0A-0E-B8-9F-7C-EC-A5-A7-DE-7B-F5-E9-C7-1F-92-03
18/09/2016 17:16:01.064,RX,02-20-35-1C-E0-07-09-12-AE-59-B4-03-5A-00-99-00-00-80-E8-FF-01-00-04-00-31-10-03-00-E0-06-F4-01-A0-FF-A6-FF-22-00-27-00-15-00-1F-00-00-00-FF-FF-00-00-00-00-01-00-5A-80-84-03
18/09/2016 17:16:01.180,RX,02-22-58-71-E0-07-09-12-CA-58-B4-03-FB-D9-F7-5E-7A-E6-A1-E7-DE-7D-00-16-58-60-80-FB-D9-37-9F-7C-F2-C5-F7-DE-7A-E8-9D-77-1E-7A-EA-B1-F7-9E-7C-F6-ED-07-60-81-0A-3E-28-61-85-17-66-A8-E1-86-1B-6A-88-A1-85-13-46-F8-A0-83-0C-2E-A8-20-82-07-16-48-E0-80-02-06-18-60-80-00-02-08-20-D3-03-02-24-2D-2B-E0-07-09-12-36-56-B4-03-EC-FC-EC-FC-EC-FC-57-00-57-00-57-00-57-00-57-00-57-00-57-00-57-00-57-00-57-00-57-00-57-00-57-00-41-FD-41-FD-3F-03
18/09/2016 17:16:01.346,RX,02-22-58-72-E0-07-09-12-C6-59-B4-03-FF-FD-E7-DF-7F-00-02-18-60-80-02-0A-28-E0-80-04-1A-78-60-82-0A-36-F8-20-84-0F-32-78-A0-80-FD-E1-47-5F-7C-EF-BD-F7-5E-7C-F4-DD-A7-1F-7F-FD-F9-F7-1F-80-01-0A-48-60-81-08-2A-C8-60-83-0D-32-B8-A0-82-08-1E-68-20-81-03-0E-28-20-80-FE-F1-B7-1F-CF-03
18/09/2016 17:16:01.446,TX,02-23-00-00-03
18/09/2016 17:16:01.518,RX,02-21-20-9C-E0-07-09-12-BE-57-B4-03-00-02-08-20-80-00-02-08-20-80-00-02-08-20-80-00-02-08-20-80-00-02-08-4F-03
18/09/2016 17:16:01.635,RX,02-22-58-73-E0-07-09-12-C2-5A-B4-03-F9-E5-97-5F-7E-F9-E5-97-9F-7E-FA-ED-B7-DF-7E-FB-ED-B7-DF-7E-FB-E9-97-1F-7E-F8-E1-97-9F-7E-FA-ED-B7-DF-7E-FB-ED-A7-DF-7E-FC-F5-E7-9F-7F-FF-FD-E7-5F-7F-FC-E9-97-DF-7D-F7-D9-67-5F-7D-F5-D5-67-DF-7D-F8-E5-A7-DF-7E-FB-ED-A7-5F-7E-F9-ED-D7-1F-BD-03
18/09/2016 17:16:01.838,RX,02-22-58-74-E0-07-09-12-BE-5B-B4-03-01-1E-B8-60-83-0A-0A-88-5F-7B-E4-7D-E7-9D-78-E7-B1-F7-DE-7B-EC-9D-27-DE-77-E1-95-C7-9E-7C-F8-E9-97-9F-7D-F1-A9-57-5E-78-DE-6D-97-1D-76-D8-65-B7-DD-77-E5-AD-27-5F-7E-00-1A-C8-A0-84-17-72-08-A2-88-23-8E-18-A2-87-1B-62-68-E1-84-11-3E-C8-20-9A-03
18/09/2016 17:16:02.064,RX,02-20-35-1D-E0-07-09-12-97-5D-B4-03-59-00-98-00-00-80-E8-FF-02-00-03-00-31-10-03-00-E0-06-30-02-A0-FF-A6-FF-20-00-27-00-16-00-1C-00-00-00-FF-FF-00-00-00-00-01-00-5A-80-06-03
18/09/2016 17:16:02.180,RX,02-22-58-75-E0-07-09-12-BA-5C-B4-03-0A-26-78-60-81-04-12-48-20-81-05-12-48-20-81-03-0A-28-A0-80-02-0A-18-20-80-FE-F1-B7-9F-7E-F9-E5-97-9F-7E-FB-F5-E7-9F-7F-FE-F5-D7-5F-7F-FC-ED-87-1F-7D-F0-B5-B7-9E-7A-E9-A9-C7-9E-7B-F1-C9-37-DF-7C-F3-CD-47-5F-7D-F7-E1-97-9F-7E-FA-E9-B7-1F-2B-03-02-24-2D-2C-E0-07-09-12-26-5A-B4-03-41-FD-41-FD-41-FD-41-FD-41-FD-41-FD-41-FD-41-FD-41-FD-41-FD-41-FD-41-FD-DD-03-DD-03-DD-03-DD-03-DD-03-DD-03-12-03
18/09/2016 17:16:02.343,RX,02-22-58-76-E0-07-09-12-B7-5D-B4-03-FB-ED-C7-1F-7F-FC-F5-D7-1F-7F-FC-ED-A7-5F-7E-F9-E9-A7-DF-7E-FB-E9-A7-5F-7E-F8-E1-87-1F-7E-F8-E1-97-5F-7E-F8-E1-87-DF-7D-F7-DD-77-DF-7D-F6-D5-47-1F-7D-F4-D1-57-9F-7D-F7-E1-97-9F-7E-FB-ED-C7-5F-7F-FF-01-18-E0-80-04-16-48-20-81-03-0A-18-20-29-03
18/09/2016 17:16:02.458,TX,02-23-00-00-03
18/09/2016 17:16:02.543,RX,02-21-20-9D-E0-07-09-12-AE-5B-B4-03-00-FE-F7-DF-7F-FF-FD-F7-DF-7F-FF-FD-F7-DF-7F-FF-F9-E7-9F-7F-FE-F9-07-11-03
18/09/2016 17:16:02.660,RX,02-22-58-77-E0-07-09-12-B3-5E-B4-03-00-FE-E7-5F-7F-FB-E5-77-5F-7D-F4-CD-27-5F-7C-F0-B9-D7-9E-7A-E8-9D-77-5E-7A-ED-C9-77-5F-7E-F7-C5-87-5E-77-D5-41-E7-1C-74-D4-61-A7-9D-76-D7-4D-E7-1C-73-CE-4D-97-9D-77-E1-89-17-1E-78-DE-6D-97-DD-75-D6-55-67-9D-75-D7-5D-87-9D-76-DD-85-67-1E-F2-03
18/09/2016 17:16:02.845,RX,02-22-58-78-E0-07-09-12-AF-5F-B4-03-EC-C1-57-1F-7E-FB-F9-F7-1F-80-00-06-08-E0-7F-FE-F1-B7-9F-7E-F9-E5-87-DF-7D-F5-D1-27-5F-7C-EF-B9-D7-1E-7B-EB-A9-97-1E-7A-E6-99-57-9E-79-E6-9D-87-1E-7A-E8-9D-67-9E-79-E5-99-77-1E-7A-E9-A9-A7-9E-7A-E9-A5-97-5E-7A-E8-99-37-5E-78-DE-75-D7-1D-F3-03
18/09/2016 17:16:03.070,RX,02-20-35-1E-E0-07-09-12-7F-61-B4-03-59-00-98-00-00-80-E8-FF-01-00-04-00-31-10-03-00-E0-06-08-02-A0-FF-A5-FF-1E-00-25-00-15-00-1F-00-00-00-FF-FF-00-00-00-00-01-00-5A-80-E4-03
18/09/2016 17:16:03.170,RX,02-22-58-79-E0-07-09-12-AB-60-B4-03-DD-79-07-1E-79-E7-A9-C7-9E-7B-EE-BD-07-9F-7C-F5-DD-97-9F-7E-FC-F5-D7-5F-7F-FD-F9-E7-9F-7F-FE-F9-D7-1F-7F-FB-E9-97-1F-7E-F8-E1-87-DF-7D-F6-D5-37-DF-7C-F2-CD-47-1F-7D-F5-D9-67-DF-7D-F8-E5-A7-DF-7E-FC-F5-E7-DF-7F-01-0A-38-E0-80-03-12-58-20-ED-03-02-24-2D-2D-E0-07-09-12-17-5E-B4-03-DD-03-DD-03-DD-03-DD-03-DD-03-DD-03-DD-03-67-FD-67-FD-67-FD-67-FD-67-FD-67-FD-67-FD-67-FD-67-FD-67-FD-67-FD-C2-03
18/09/2016 17:16:03.371,RX,02-22-58-7A-E0-07-09-12-A7-61-B4-03-06-1A-78-E0-81-07-1A-68-A0-81-07-22-98-A0-82-0B-2E-B8-E0-82-0B-2E-C8-20-83-0D-3A-E8-A0-83-0E-36-C8-E0-82-0B-2E-C8-20-83-0D-36-D8-A0-83-11-56-A8-E1-87-22-8A-E8-E1-85-0F-1E-28-E0-7F-00-0E-88-20-83-0F-3E-D8-60-82-07-1E-A8-20-84-14-5A-58-21-BE-03
18/09/2016 17:16:03.465,TX,02-23-00-00-03
18/09/2016 17:16:03.534,RX,02-21-20-9E-E0-07-09-12-9F-5F-B4-03-FF-FD-F7-DF-7F-FF-FD-F7-1F-80-00-02-08-20-80-00-02-08-20-80-00-02-08-A4-03
18/09/2016 17:16:03.649,RX,02-22-58-7B-E0-07-09-12-A3-62-B4-03-11-36-C8-60-83-10-4E-58-61-85-13-46-E8-20-83-09-1A-38-A0-80-02-0A-48-A0-81-08-2A-B8-20-83-0D-36-E8-E0-83-10-42-F8-A0-83-0D-32-B8-E0-82-0B-2E-C8-20-83-0D-3A-E8-A0-83-0E-3A-D8-20-83-0C-32-B8-E0-82-0A-26-98-20-82-08-26-98-60-82-09-26-98-20-42-03
18/09/2016 17:16:03.770,RX,02-23-00-00-03
18/09/2016 17:16:03.871,RX,02-22-58-7C-E0-07-09-12-9F-63-B4-03-09-26-98-A0-82-0C-3E-38-61-85-15-4E-F8-E0-82-08-1E-78-E0-81-07-1A-68-60-81-05-16-58-E0-81-09-2E-C8-20-83-0C-2E-A8-60-82-09-2A-B8-20-83-0C-36-E8-E0-83-10-46-18-A1-84-13-52-58-A1-85-16-5A-68-61-85-15-56-58-61-85-15-52-38-61-84-0F-3A-C8-20-C7-03
18/09/2016 17:16:04.057,RX,02-20-35-1F-E0-07-09-12-67-65-B4-03-59-00-98-00-00-80-E8-FF-02-00-04-00-31-10-03-00-E0-06-B8-01-A0-FF-A6-FF-1F-00-27-00-15-00-20-00-00-00-FF-FF-00-00-00-00-01-00-5A-80-5B-03
18/09/2016 17:16:04.174,RX,02-22-58-7D-E0-07-09-12-9B-64-B4-03-0C-32-C8-60-83-0D-36-D8-20-83-0C-32-C8-20-83-0C-2E-B8-A0-82-09-26-88-20-82-08-22-88-20-82-08-1E-78-E0-81-07-22-88-60-82-0B-32-D8-A0-83-0D-32-B8-E0-82-0B-2E-B8-20-83-0D-42-38-21-86-1D-86-38-A2-88-1C-56-D8-E0-81-04-12-88-20-83-11-4E-28-21-37-03-02-24-2D-2E-E0-07-09-12-07-62-B4-03-67-FD-67-FD-67-FD-37-03-37-03-37-03-37-03-37-03-37-03-37-03-37-03-37-03-37-03-37-03-37-03-37-03-37-03-37-03-FE-03
18/09/2016 17:16:04.362,RX,02-22-58-7E-E0-07-09-12-97-65-B4-03-0E-22-28-A0-7F-FE-09-A8-E0-84-18-66-58-21-84-0D-36-F8-60-84-12-46-08-21-84-0F-3E-E8-E0-82-08-1A-68-E0-81-09-32-F8-A0-84-15-5E-98-21-87-1D-7E-08-22-88-1F-7A-C8-61-86-17-5A-58-21-85-14-52-58-61-85-15-56-48-A1-84-11-42-F8-A0-83-0E-36-D8-20-C5-03
18/09/2016 17:16:04.478,TX,02-23-00-00-03
18/09/2016 17:16:04.532,RX,02-21-20-9F-E0-07-09-12-8F-63-B4-03-00-02-18-60-80-01-06-18-60-80-01-06-18-60-80-01-06-18-20-80-00-02-08-3A-03
18/09/2016 17:16:04.650,RX,02-22-58-7F-E0-07-09-12-93-66-B4-03-0D-36-D8-60-83-0E-3E-08-61-84-11-46-18-61-84-11-4A-38-A1-85-1A-76-D8-E1-86-16-46-C8-20-82-05-0A-E8-DF-7E-F9-E5-A7-5F-7F-00-12-88-E0-82-0E-3E-08-21-84-10-3E-E8-A0-83-0E-3A-F8-E0-83-0F-3E-08-61-84-11-46-28-A1-84-12-46-08-E1-83-0D-32-A8-20-0E-03
18/09/2016 17:16:04.869,RX,02-22-58-80-E0-07-09-12-8F-67-B4-03-09-22-78-E0-81-06-16-48-A0-80-01-FE-E7-5F-7F-FE-F9-F7-1F-80-00-0A-38-20-81-06-22-A8-20-83-0D-36-D8-20-83-0B-26-88-E0-81-06-16-58-20-81-03-06-08-20-80-00-02-18-A0-80-04-16-58-60-81-04-0E-38-A0-80-01-06-08-20-80-FF-F9-D7-5F-7F-FE-01-58-20-AC-03
18/09/2016 17:16:05.055,RX,02-20-35-20-E0-07-09-12-4F-69-B4-03-58-00-98-00-00-80-E8-FF-01-00-04-00-31-10-03-00-7C-06-A4-01-A0-FF-A7-FF-20-00-27-00-15-00-1E-00-00-00-FF-FF-00-00-00-00-01-00-5A-80-26-03
18/09/2016 17:16:05.172,RX,02-22-58-81-E0-07-09-12-8B-68-B4-03-0B-42-18-E1-83-08-FE-57-9F-7B-EB-B5-17-9F-7D-FB-F5-B7-5F-7D-ED-95-17-9E-78-E9-CD-D7-1F-81-05-0A-C8-9F-7D-F2-C5-17-1F-7C-EE-B1-97-1E-7A-E8-A9-C7-1E-7C-F4-E9-07-A0-81-0B-46-68-E1-86-1F-8E-58-E2-89-27-9E-58-A2-88-1E-6A-68-E1-84-11-42-F8-20-0A-03-02-24-2D-2F-E0-07-09-12-F7-65-B4-03-37-03-37-03-E6-FC-E6-FC-E6-FC-E6-FC-E6-FC-C2-01-C2-01-C2-01-C2-01-C2-01-C2-01-C2-01-C2-01-C2-01-91-FE-91-FE-7C-03
18/09/2016 17:16:05.359,RX,02-22-58-82-E0-07-09-12-87-69-B4-03-0F-36-B8-A0-82-09-22-88-60-82-09-26-98-20-82-08-1E-68-60-81-04-0E-28-60-80-00-FA-C7-DF-7E-FA-E9-B7-1F-7F-FE-FD-07-20-80-02-0E-48-E0-80-00-F6-97-5F-7D-F1-B9-C7-DE-7A-EC-BD-37-9F-7D-F9-ED-C7-1F-7F-FC-ED-B7-9F-7E-FB-ED-C7-1F-7F-FD-F5-D7-1F-D7-03
18/09/2016 17:16:05.494,TX,02-23-00-00-03
18/09/2016 17:16:05.547,RX,02-21-20-A0-E0-07-09-12-7F-67-B4-03-00-02-08-20-80-00-02-08-20-80-00-02-08-20-80-00-FE-F7-DF-7F-FF-FD-07-87-03
18/09/2016 17:16:05.665,RX,02-22-58-83-E0-07-09-12-83-6A-B4-03-FC-F1-D7-9F-7F-00-02-08-20-80-FF-F5-B7-9F-7E-F9-E5-87-1F-7E-F7-D9-57-DF-7C-F2-C5-07-DF-7B-EF-BD-F7-DE-7B-EF-B9-E7-9E-7B-EF-BD-07-1F-7C-F0-C1-F7-9E-7B-ED-B1-C7-1E-7B-EC-B5-D7-1E-7B-EB-A9-97-5E-7A-E9-A9-B7-DE-7A-EB-AD-B7-9E-7A-EA-AD-B7-1E-D9-03
18/09/2016 17:16:05.884,RX,02-22-58-84-E0-07-09-12-7F-6B-B4-03-EC-B5-D7-9E-7B-EE-B9-E7-9E-7B-EE-BD-F7-1E-7C-EF-BD-E7-9E-7B-EF-C9-77-DF-7E-FE-ED-57-1F-7B-E1-61-37-5D-74-D3-61-D7-9D-78-E4-89-D7-DD-75-D4-4D-77-5D-77-E5-AD-07-9F-7C-F1-B9-A7-9E-79-E2-81-F7-9D-77-DE-75-C7-1D-77-DE-85-57-9E-7A-F0-D9-D7-1F-B2-03
18/09/2016 17:16:06.070,RX,02-20-35-21-E0-07-09-12-37-6D-B4-03-59-00-98-00-00-80-E8-FF-01-00-03-00-31-10-02-00-7C-06-90-01-A0-FF-A5-FF-20-00-27-00-15-00-1C-00-00-00-FF-FF-00-00-00-00-01-00-5A-80-04-03
18/09/2016 17:16:06.171,RX,02-22-58-85-E0-07-09-12-7B-6C-B4-03-02-1E-B8-E0-83-12-56-78-61-86-19-66-88-A1-85-14-46-E8-A0-82-07-16-48-60-81-07-26-98-A0-81-02-FA-B7-9F-7E-F9-E5-97-9F-7E-F9-E5-87-1F-7E-F7-DD-77-DF-7D-F8-E9-B7-1F-7F-FE-01-18-20-81-05-12-38-20-80-FC-DD-27-5F-7B-EA-A1-77-DE-79-E8-A1-87-1E-0F-03-02-24-2D-30-E0-07-09-12-E7-69-B4-03-91-FE-91-FE-B2-00-B2-00-B2-00-B2-00-B2-00-FA-FE-FA-FE-FA-FE-FA-FE-85-01-85-01-85-01-85-01-85-01-A7-FF-A7-FF-53-03
18/09/2016 17:16:06.391,RX,02-22-58-86-E0-07-09-12-77-6D-B4-03-E8-A5-B7-1E-7B-ED-B9-F7-1E-7C-F2-CD-57-9F-7D-F6-D9-67-9F-7D-F6-D5-47-DF-7C-F3-C9-27-9F-7C-F2-CD-47-1F-7D-F4-D1-47-1F-7D-F3-D1-47-1F-7D-F5-D1-47-DF-7C-F2-C9-17-5F-7C-F1-C5-17-5F-7C-F0-BD-D7-5E-7B-ED-B9-07-DF-7C-F5-E1-A7-1F-7F-FE-01-08-20-14-03
18/09/2016 17:16:06.510,TX,02-23-00-00-03
18/09/2016 17:16:06.562,RX,02-21-20-A1-E0-07-09-12-6F-6B-B4-03-FF-FD-F7-DF-7F-FF-FD-F7-DF-7F-FF-FD-F7-9F-7F-FE-F9-E7-9F-7F-FE-F9-07-37-03
18/09/2016 17:16:06.678,RX,02-22-58-87-E0-07-09-12-73-6E-B4-03-01-06-18-20-80-FF-F5-B7-5F-7E-F8-DD-57-1F-7D-F2-C5-07-DF-7B-EE-B9-E7-5E-7B-ED-B5-D7-9E-7B-EE-BD-F7-DE-7B-EF-C1-07-1F-7C-EE-B1-97-9E-79-E4-8D-47-DE-79-EC-C1-17-9F-7B-E6-71-17-5D-72-C4-11-77-5C-73-D4-69-E7-9D-77-DC-61-57-5D-75-D8-75-27-1E-4E-03
18/09/2016 17:16:06.781,RX,02-23-00-00-03
18/09/2016 17:16:06.884,RX,02-22-58-88-E0-07-09-12-6F-6F-B4-03-E6-99-57-9E-78-DE-6D-77-5D-75-D4-51-57-5D-75-D5-55-57-5D-75-D7-69-F7-5D-79-EB-C9-87-5F-7F-02-1A-98-E0-82-0E-3E-08-21-84-0F-3A-C8-60-82-06-0E-18-E0-7F-FC-E9-87-5F-7D-F2-BD-E7-5E-7B-ED-B5-D7-1E-7B-EC-B1-D7-9E-7B-F0-C5-37-1F-7D-F5-D5-57-1F-D8-03
18/09/2016 17:16:07.056,RX,02-20-35-22-E0-07-09-12-1F-71-B4-03-59-00-98-00-00-80-E8-FF-01-00-04-00-31-10-03-00-78-0A-30-02-A0-FF-A5-FF-1E-00-26-00-15-00-1F-00-00-00-FF-FF-00-00-00-00-01-00-5A-80-D3-03
18/09/2016 17:16:07.171,RX,02-22-58-89-E0-07-09-12-6B-70-B4-03-F4-D1-47-1F-7D-F5-D9-67-DF-7D-F7-E1-97-1F-7E-F6-CD-07-9F-7B-EC-B1-B7-DE-7A-EB-B5-E7-5E-7C-F3-D9-77-1F-7E-FA-E9-B7-DF-7E-FC-F5-F7-1F-80-00-06-18-60-80-01-06-18-60-80-02-0E-48-20-81-04-0E-28-60-80-00-FE-E7-1F-7F-FB-E5-87-9F-7D-F4-C9-07-1F-39-03
18/09/2016 17:16:07.287,RX,02-24-2D-31-E0-07-09-12-D7-6D-B4-03-A7-FF-A7-FF-A7-FF-A7-FF-A7-FF-A7-FF-A7-FF-A7-FF-A7-FF-A7-FF-A7-FF-F3-02-F3-02-F3-02-F3-02-F3-02-F3-02-F3-02-2B-03
18/09/2016 17:16:07.403,RX,02-22-58-8A-E0-07-09-12-67-71-B4-03-EF-BD-F7-5E-7C-F2-CD-57-DF-7D-F9-ED-D7-9F-7F-00-0A-38-60-81-07-22-88-20-82-09-2A-B8-20-83-0C-32-C8-20-83-0B-2E-B8-E0-82-0B-2A-98-60-82-08-26-98-A0-82-0B-36-E8-E0-83-0F-42-F8-E0-83-0F-3A-E8-A0-83-0E-36-D8-60-83-0E-42-48-61-86-1F-92-78-22-AB-03
18/09/2016 17:16:07.518,TX,02-23-00-00-03
18/09/2016 17:16:07.556,RX,02-21-20-A2-E0-07-09-12-5F-6F-B4-03-FE-F9-F7-DF-7F-FF-FD-F7-DF-7F-00-02-08-20-80-00-02-08-20-80-00-06-08-F9-03
18/09/2016 17:16:07.672,RX,02-22-58-8B-E0-07-09-12-63-72-B4-03-26-8A-B8-21-85-0D-22-78-20-82-0C-42-48-61-85-14-42-C8-60-82-0A-32-18-21-85-15-4A-E8-E0-82-0A-32-08-E1-84-16-5A-58-A1-84-10-36-A8-E0-81-04-0E-28-E0-80-05-1E-88-A0-82-0C-36-F8-20-84-11-46-18-61-84-11-42-E8-20-83-0B-2A-98-60-82-09-2A-A8-20-0E-03
18/09/2016 17:16:07.887,RX,02-22-58-8C-E0-07-09-12-5F-73-B4-03-0B-2E-C8-20-83-0C-32-C8-E0-82-0B-2E-A8-60-82-08-1E-78-E0-81-07-1E-78-E0-81-07-1A-68-60-81-05-1A-A8-A0-83-13-5A-78-61-85-12-3E-C8-E0-82-0A-2A-98-60-82-09-26-98-60-82-0A-32-E8-20-84-11-4A-28-61-84-11-46-28-21-85-16-62-A8-E1-86-1C-76-E8-21-7C-03
18/09/2016 17:16:08.056,RX,02-20-35-23-E0-07-09-12-07-75-B4-03-59-00-98-00-00-80-E8-FF-02-00-03-00-31-10-03-00-78-0A-1C-02-A0-FF-A6-FF-20-00-26-00-16-00-1E-00-00-00-FF-FF-00-00-00-00-01-00-5A-80-2A-03
18/09/2016 17:16:08.172,RX,02-22-58-8D-E0-07-09-12-5B-74-B4-03-1E-7A-F8-A1-87-1E-76-C8-E1-86-1A-66-78-A1-85-15-56-58-61-85-15-56-48-E1-84-12-4A-38-21-85-15-56-68-61-85-15-52-48-21-85-14-52-58-61-85-15-52-38-A1-84-11-42-08-21-84-10-42-08-21-84-10-42-18-61-84-13-52-68-E1-85-17-5A-58-21-85-13-4E-38-21-A3-03
18/09/2016 17:16:08.287,RX,02-24-2D-32-E0-07-09-12-C7-71-B4-03-F3-02-F3-02-F3-02-F3-02-F3-02-F3-02-BD-FC-BD-FC-BD-FC-BD-FC-BD-FC-BD-FC-BD-FC-BD-FC-BD-FC-BD-FC-BD-FC-BD-FC-9C-03
18/09/2016 17:16:08.403,RX,02-22-58-8E-E0-07-09-12-57-75-B4-03-13-4A-18-21-84-0E-32-B8-20-83-0E-4A-78-A1-86-1B-66-38-21-83-04-FA-C7-9F-7F-03-2A-28-E1-85-17-52-D8-E0-81-02-0A-78-E0-83-17-6A-78-21-84-08-0A-18-A0-80-04-16-58-20-81-04-12-48-20-81-03-0E-38-60-81-07-26-C8-E0-83-12-56-88-A1-86-1C-76-E8-21-73-03
18/09/2016 17:16:08.519,TX,02-23-00-00-03
18/09/2016 17:16:08.556,RX,02-21-20-A3-E0-07-09-12-4F-73-B4-03-01-06-18-60-80-01-06-18-60-80-01-06-08-20-80-00-02-08-20-80-00-02-08-A3-03
18/09/2016 17:16:08.671,RX,02-22-58-8F-E0-07-09-12-53-76-B4-03-1F-7E-E8-61-87-1B-66-88-A1-85-16-5A-68-A1-85-17-5A-68-21-85-13-4A-18-21-84-0F-3A-C8-E0-82-0A-2A-A8-A0-82-0A-2A-A8-A0-82-09-26-A8-A0-82-0B-32-C8-60-83-0F-4A-48-61-85-14-46-C8-20-82-05-0A-08-A0-7F-FB-E9-A7-1F-7F-FF-09-68-60-82-0C-3A-F8-20-B1-03
18/09/2016 17:16:08.887,RX,02-22-58-90-E0-07-09-12-4F-77-B4-03-0F-3A-C8-E0-82-0A-2A-98-20-82-06-12-38-60-80-01-06-28-A0-80-03-0E-28-A0-80-02-0A-28-A0-80-02-0A-38-E0-80-04-12-48-E0-80-03-12-68-E0-81-08-26-88-A0-81-05-12-48-20-81-06-1E-88-20-82-08-22-98-20-82-08-22-88-20-82-09-26-98-60-82-09-2A-B8-20-BE-03
18/09/2016 17:16:09.056,RX,02-20-35-24-E0-07-09-12-EF-78-B4-03-59-00-98-00-00-80-E8-FF-01-00-04-00-31-10-03-00-EC-09-F4-01-A0-FF-A7-FF-21-00-27-00-16-00-1E-00-00-00-FF-FF-00-00-00-00-01-00-5A-80-CF-03
18/09/2016 17:16:09.172,RX,02-22-58-91-E0-07-09-12-4B-78-B4-03-0C-32-C8-E0-82-0A-26-78-60-81-04-0E-38-20-81-05-16-58-60-81-06-1E-78-60-82-0A-2A-B8-E0-82-0B-36-F8-A0-84-15-5E-68-21-84-06-EE-F7-9E-79-E0-7D-17-5E-79-E8-A9-97-5E-79-E0-71-C7-DD-77-E7-C5-B7-9F-80-05-12-F8-1F-7E-F1-B5-A7-1E-7A-E6-95-57-1E-0A-03
18/09/2016 17:16:09.272,RX,02-24-2D-33-E0-07-09-12-B7-75-B4-03-BD-FC-BD-FC-58-03-58-03-58-03-58-03-58-03-58-03-58-03-58-03-58-03-58-03-58-03-58-03-58-03-58-03-58-03-58-03-67-03
18/09/2016 17:16:09.421,RX,02-22-58-92-E0-07-09-12-47-79-B4-03-E6-A5-D7-9E-7C-F9-01-78-E0-83-16-76-38-E2-89-2B-B2-D8-62-8B-2C-AA-78-22-89-20-72-88-E1-84-0F-2E-88-E0-81-07-1E-78-E0-81-07-1E-68-60-81-04-12-38-E0-80-03-0E-38-A0-80-00-FE-D7-1F-7F-FB-E9-A7-5F-7E-F9-E5-97-9F-7E-FB-F1-D7-5F-7F-FD-F1-A7-1F-F1-03
18/09/2016 17:16:09.521,TX,02-23-00-00-03
18/09/2016 17:16:09.592,RX,02-21-20-A4-E0-07-09-12-3F-77-B4-03-00-02-08-20-80-00-02-08-20-80-00-02-08-20-80-00-FE-F7-DF-7F-FF-FD-07-73-03
18/09/2016 17:16:09.707,RX,02-22-58-93-E0-07-09-12-43-7A-B4-03-F6-C5-B7-5E-79-DF-6D-77-9D-75-D5-59-77-9D-76-DC-7D-07-9E-78-E3-95-67-DE-79-E9-AD-D7-9E-7B-F0-C5-17-5F-7C-F1-C1-F7-DE-7B-EE-B9-E7-9E-7B-EE-B9-E7-9E-7B-ED-B1-B7-9E-7A-E9-A1-87-5E-7A-E9-A5-97-1E-7A-E7-99-67-9E-79-E7-A1-97-5E-7A-E9-A5-97-1E-72-03
18/09/2016 17:16:09.823,RX,02-23-00-00-03
18/09/2016 17:16:09.923,RX,02-22-58-94-E0-07-09-12-3F-7B-B4-03-E9-A9-B7-5E-7B-EE-BD-07-1F-7C-F0-C5-17-5F-7C-F1-C5-17-5F-7C-F2-C5-17-5F-7C-F1-C5-17-5F-7C-F1-C5-07-1F-7C-EF-BD-F7-1E-7C-F1-C9-47-5F-7D-F6-DD-87-5F-7E-FA-E9-B7-DF-7E-FD-FD-37-E0-81-0C-3A-C8-A0-81-FD-C9-87-9E-78-E0-85-67-DE-7A-F0-CD-27-1F-1B-03
18/09/2016 17:16:10.060,RX,02-20-35-25-E0-07-09-12-D8-7C-B4-03-56-00-98-00-00-80-E8-FF-02-00-04-00-31-10-03-00-EC-09-08-02-A0-FF-A6-FF-20-00-27-00-16-00-1E-00-00-00-FF-FF-00-00-00-00-01-00-5A-80-45-03
18/09/2016 17:16:10.176,RX,02-22-58-95-E0-07-09-12-3B-7C-B4-03-EF-A9-77-DE-79-EA-BD-57-5F-7E-FB-E9-77-9F-7C-EC-95-F7-DD-76-D7-55-37-5D-74-D0-3D-07-9D-74-D4-5D-C7-5D-78-E6-AD-07-5F-7D-F8-ED-C7-5F-7F-FD-F1-A7-5F-7E-F7-D1-17-DF-7B-ED-AD-97-1E-7A-E7-9D-77-DE-79-E7-99-57-1E-79-E2-89-17-9E-78-E2-8D-27-1E-70-03
18/09/2016 17:16:10.280,RX,02-24-2D-34-E0-07-09-12-A7-79-B4-03-58-03-58-03-9C-FC-9C-FC-9C-FC-9C-FC-9C-FC-9C-FC-9C-FC-9C-FC-9C-FC-9C-FC-9C-FC-9C-FC-9C-FC-E9-02-E9-02-E9-02-67-03
18/09/2016 17:16:10.412,RX,02-22-58-96-E0-07-09-12-38-7D-B4-03-E1-81-E7-5D-77-DC-75-F7-1D-78-E3-95-77-1E-7A-EB-B5-F7-5E-7C-F3-D1-57-5F-7D-F3-C1-C7-9E-7A-E8-9D-77-DE-79-E8-A9-B7-1E-7B-EB-AD-A7-DE-7A-ED-BD-27-5F-7D-F7-E5-A7-DF-7E-FB-ED-B7-DF-7E-FB-ED-C7-1F-7F-FD-F5-E7-DF-7F-00-06-28-E0-80-04-0E-28-20-5E-03
18/09/2016 17:16:10.483,TX,02-BD-02-01-00-C4-03
18/09/2016 17:16:10.530,RX,02-BD-00-00-06
18/09/2016 17:16:10.530,TX,02-23-00-00-03
18/09/2016 17:16:10.630,RX,02-21-20-A5-E0-07-09-12-2F-7B-B4-03-FF-FD-F7-DF-7F-FF-F9-E7-9F-7F-FE-FD-F7-DF-7F-FF-FD-F7-DF-7F-FF-FD-07-67-03
18/09/2016 17:16:10.732,RX,02-22-58-97-E0-07-09-12-34-7E-B4-03-00-FE-E7-1F-7F-FB-E5-77-9F-7D-F5-D5-67-9F-7D-F7-E1-97-9F-7E-FA-ED-B7-DF-7E-FB-F1-E7-DF-7F-00-06-18-A0-80-02-0A-28-60-80-01-06-18-A0-80-04-12-58-20-81-04-0E-28-60-80-01-02-F8-DF-7F-FE-F5-D7-5F-7F-FE-FD-F7-1F-80-00-02-F8-DF-7F-FE-F5-D7-1F-9D-03
18/09/2016 17:16:10.918,RX,02-22-58-98-E0-07-09-12-30-7F-B4-03-FE-01-38-E0-81-0C-42-38-E1-84-10-2A-28-E0-7E-F6-D1-57-5F-7E-FE-09-58-60-81-03-02-D8-1F-7F-FD-05-58-20-82-08-1A-38-60-80-01-0E-78-A0-82-0C-2E-A8-20-82-05-0E-18-E0-7F-FC-ED-A7-DF-7E-FC-FD-17-20-81-06-22-A8-E0-82-0C-32-C8-20-83-0C-32-B8-20-EE-03
18/09/2016 17:16:11.059,RX,02-20-35-26-E0-07-09-12-C0-80-B4-03-50-00-98-00-00-80-E8-FF-02-00-04-00-31-10-03-00-50-0A-E0-01-A0-FF-A7-FF-1F-00-26-00-15-00-1C-00-00-00-FF-FF-00-00-00-00-01-00-5A-80-92-03
18/09/2016 17:16:11.176,RX,02-2B-47-00-E0-07-09-12-C0-80-B4-03-02-50-00-98-00-00-80-E8-FF-02-00-04-00-31-10-5A-03-00-FF-FF-FF-50-0A-E0-01-2C-FF-FF-64-FF-FF-B1-00-A0-FF-A7-FF-1F-00-26-00-15-00-1C-00-16-01-00-02-FE-00-0C-74-01-9E-01-A4-01-FD-01-00-00-2E-03-02-22-58-99-E0-07-09-12-2C-80-B4-03-0B-2A-88-20-82-07-1A-68-A0-81-06-1A-78-E0-81-06-1A-68-60-81-06-1E-78-20-82-08-22-78-A0-81-06-1A-68-A0-81-06-1A-68-60-81-05-16-68-60-82-0C-3A-E8-20-83-08-16-28-20-80-FF-F9-E7-9F-7F-FE-FD-F7-1F-80-01-0E-58-A0-81-08-22-98-20-82-08-1E-78-20-30-03
18/09/2016 17:16:11.278,RX,02-24-2D-35-E0-07-09-12-98-7D-B4-03-E9-02-E9-02-E9-02-E9-02-E9-02-E9-02-E9-02-E9-02-E9-02-E9-02-BC-FC-BC-FC-BC-FC-BC-FC-BC-FC-BC-FC-BC-FC-BC-FC-04-03
18/09/2016 17:16:11.410,RX,02-22-58-9A-E0-07-09-12-28-81-B4-03-07-1E-68-E0-81-07-1E-88-60-82-0A-2E-B8-20-83-0D-3A-F8-E0-83-10-42-F8-E0-83-0E-36-C8-20-83-0C-32-C8-20-83-0C-32-C8-20-83-0C-36-E8-E0-83-10-46-28-A1-84-13-4A-28-A1-84-12-4A-28-A1-84-11-42-F8-60-83-0C-2A-98-20-82-07-1A-78-E0-81-07-1E-88-20-E8-03
18/09/2016 17:16:11.541,TX,02-23-00-00-03
18/09/2016 17:16:11.611,RX,02-21-20-A6-E0-07-09-12-20-7F-B4-03-00-02-08-20-80-00-02-08-20-80-00-02-08-20-80-00-02-18-60-80-01-06-08-E8-03
18/09/2016 17:16:11.727,RX,02-22-58-9B-E0-07-09-12-24-82-B4-03-09-2E-C8-A0-83-10-46-28-E1-84-13-56-78-21-87-21-9E-B8-22-8B-29-8A-98-21-84-08-0E-28-60-81-0A-3E-28-A1-84-0F-2A-38-E0-7F-FF-09-98-A0-84-18-6A-88-E1-84-0F-3A-F8-A0-84-14-52-28-21-84-0E-3A-D8-E0-82-0A-22-78-E0-81-09-2E-E8-20-84-13-5A-98-21-A4-03
18/09/2016 17:16:11.950,RX,02-22-58-9C-E0-07-09-12-20-83-B4-03-1C-7A-08-A2-88-23-8E-38-A2-88-22-86-08-E2-87-1F-7A-D8-21-87-1C-72-D8-A1-87-1E-76-C8-E1-86-19-5E-58-21-85-12-46-08-E1-83-0E-36-C8-E0-82-0B-32-D8-E0-83-11-4E-58-E1-85-1B-7A-F8-E1-87-1C-62-38-E1-83-0C-22-48-20-80-FE-F5-D7-DF-7F-02-16-78-20-B1-03
18/09/2016 17:16:12.066,RX,02-20-35-27-E0-07-09-12-A8-84-B4-03-4E-00-98-00-00-80-E8-FF-02-00-06-00-31-10-03-00-50-0A-F4-01-A0-FF-A6-FF-20-00-28-00-15-00-20-00-00-00-FF-FF-00-00-00-00-01-00-5A-80-0B-03
18/09/2016 17:16:12.181,RX,02-2B-47-01-E0-07-09-12-A8-84-B4-03-02-4E-00-98-00-00-80-E8-FF-02-00-06-00-31-10-5A-03-00-FF-FF-FF-50-0A-F4-01-33-FF-FF-64-FF-FF-B9-00-A0-FF-A6-FF-20-00-28-00-15-00-20-00-16-01-00-02-FE-B5-0C-74-01-9E-01-A4-01-FB-01-00-00-64-03
18/09/2016 17:16:12.282,RX,02-22-58-9D-E0-07-09-12-1C-84-B4-03-09-2E-C8-20-83-0D-36-E8-A0-83-0E-3A-E8-A0-83-0E-3E-F8-E0-83-0F-3A-E8-60-83-0C-2E-A8-20-82-06-16-38-A0-80-00-FE-D7-1F-7F-FC-ED-C7-5F-7F-FE-FD-07-60-80-01-06-18-60-80-02-0E-38-60-81-06-1E-78-E0-81-06-16-58-20-81-03-0A-18-E0-7F-FE-F5-C7-1F-25-03-02-24-2D-36-E0-07-09-12-88-81-B4-03-BC-FC-BC-FC-BC-FC-BC-FC-BC-FC-BC-FC-16-03-16-03-16-03-16-03-16-03-16-03-16-03-16-03-16-03-16-03-16-03-16-03-A5-03
18/09/2016 17:16:12.446,RX,02-22-58-9E-E0-07-09-12-18-85-B4-03-FC-F1-C7-5F-7F-FD-F5-D7-5F-7F-FD-F5-E7-DF-7F-FF-01-08-20-80-00-FE-F7-9F-7F-FC-ED-97-1F-7E-F7-DD-87-DF-7E-FE-05-28-E0-7F-F9-C1-77-1E-78-DB-65-C7-1D-78-E6-A9-B7-9E-7A-E6-89-07-5E-78-E5-B1-37-9F-7E-FF-01-D8-1F-7E-F3-B9-A7-1E-7A-E7-95-47-1E-41-03
18/09/2016 17:16:12.546,TX,02-23-00-00-03
18/09/2016 17:16:12.615,RX,02-21-20-A7-E0-07-09-12-10-83-B4-03-01-06-08-20-80-00-02-08-20-80-00-02-08-E0-7F-FF-FD-F7-DF-7F-FF-FD-07-4A-03
18/09/2016 17:16:12.734,RX,02-22-58-9F-E0-07-09-12-14-86-B4-03-E3-8D-37-DE-78-E4-99-97-5E-7B-F3-E5-07-A0-81-0C-46-68-61-86-1C-7E-F8-E1-87-1E-72-A8-21-86-16-52-28-21-84-0F-3A-E8-60-83-0C-2E-B8-A0-82-09-22-78-60-81-04-12-38-A0-80-01-FE-E7-5F-7F-FE-FD-07-60-80-01-06-08-20-80-00-02-08-20-80-FF-F9-C7-1F-77-03
18/09/2016 17:16:12.837,RX,02-23-00-00-03
18/09/2016 17:16:12.938,RX,02-22-58-A0-E0-07-09-12-10-87-B4-03-F9-D9-17-5F-7B-EA-A1-87-1E-7A-E9-AD-D7-1E-7C-F2-D1-67-DF-7D-F8-E1-87-1F-7E-F7-DD-87-1F-7E-F8-E5-97-9F-7E-F9-E5-87-DF-7D-F6-D9-67-DF-7D-F7-DD-77-9F-7D-F5-CD-27-5F-7C-EF-BD-E7-5E-7B-ED-B1-B7-9E-7A-E9-A1-87-5E-7A-E9-A5-97-5E-7A-E9-A1-77-1E-6C-03
18/09/2016 17:16:13.062,RX,02-20-35-28-E0-07-09-12-91-88-B4-03-4A-00-98-00-00-80-E8-FF-02-00-04-00-31-10-03-00-14-0A-CC-01-9F-FF-A7-FF-20-00-26-00-16-00-1F-00-00-00-FF-FF-00-00-00-00-01-00-5A-80-81-03
18/09/2016 17:16:13.178,RX,02-2B-47-02-E0-07-09-12-91-88-B4-03-02-4A-00-98-00-00-80-E8-FF-02-00-04-00-31-10-5A-03-00-FF-FF-FF-14-0A-CC-01-39-FF-FF-64-FF-FF-C1-00-9F-FF-A7-FF-20-00-26-00-16-00-1F-00-16-01-00-02-FE-B5-0C-74-01-9F-01-A5-01-FB-01-00-00-F5-03
18/09/2016 17:16:13.278,RX,02-22-58-A1-E0-07-09-12-0C-88-B4-03-E7-9D-87-5E-7A-EA-A9-A7-9E-7A-EB-AD-C7-5E-7B-ED-B9-E7-9E-7B-EF-BD-E7-9E-7B-EE-B9-D7-9E-7B-EE-BD-F7-9E-7B-EC-A9-87-9E-79-E6-99-77-DE-79-E6-99-67-9E-79-E7-A1-A7-9E-7A-EB-B5-F7-9E-7C-F7-F5-27-20-81-01-EE-27-DF-79-DF-65-77-5D-76-DD-85-57-1E-CC-03-02-24-2D-37-E0-07-09-12-78-85-B4-03-16-03-16-03-16-03-16-03-16-03-16-03-75-FC-75-FC-75-FC-75-FC-75-FC-75-FC-75-FC-75-FC-75-FC-75-FC-75-FC-75-FC-95-03
18/09/2016 17:16:13.441,RX,02-22-58-A2-E0-07-09-12-09-89-B4-03-E7-99-27-9E-77-DB-6D-E7-1D-79-EA-BD-27-9F-7C-EF-AD-67-5E-78-DE-71-D7-9D-77-DF-85-27-DE-78-E6-A5-E7-1E-7D-FC-11-D8-20-85-1B-82-38-A2-89-28-A2-88-A2-89-23-82-C8-E1-85-13-3E-B8-20-82-07-1A-68-A0-81-07-1E-78-E0-81-06-16-58-60-81-05-1A-78-20-EE-03
18/09/2016 17:16:13.558,TX,02-23-00-00-03
18/09/2016 17:16:13.613,RX,02-21-20-A8-E0-07-09-12-00-87-B4-03-FF-FD-F7-9F-7F-FE-F9-E7-9F-7F-FE-FD-F7-DF-7F-FF-FD-F7-9F-7F-FE-F9-07-1E-03
18/09/2016 17:16:13.730,RX,02-22-58-A3-E0-07-09-12-05-8A-B4-03-07-1A-68-A0-81-06-1A-68-A0-81-07-1E-98-E0-82-0D-3E-08-A1-84-11-42-F8-60-83-0B-26-68-A0-80-FF-F5-B7-DF-7E-FB-ED-B7-DF-7E-FC-F5-E7-DF-7F-FF-FD-F7-DF-7F-FF-FD-E7-1F-7F-FB-E5-87-DF-7D-F5-D1-27-1F-7C-EF-B5-B7-5E-7A-E7-99-47-DE-78-E3-89-07-1E-5B-03
18/09/2016 17:16:13.935,RX,02-22-58-A4-E0-07-09-12-01-8B-B4-03-DC-65-77-DD-75-D9-6D-C7-1D-77-DB-69-87-1D-76-D7-5D-87-9D-76-DC-79-07-5E-78-E2-89-37-5E-79-E6-9D-87-5E-7A-EB-B1-C7-5E-7B-EE-B9-F7-1E-7C-F1-C5-17-5F-7C-F2-CD-47-5F-7D-F6-D9-67-5F-7D-F4-C9-07-9F-7B-EC-A9-97-5E-7A-EA-A9-A7-9E-7A-EA-AD-B7-1E-9C-03
18/09/2016 17:16:14.070,RX,02-20-35-29-E0-07-09-12-78-8C-B4-03-4B-00-98-00-00-80-E8-FF-02-00-06-00-31-10-03-00-14-0A-F4-01-A0-FF-A7-FF-1B-00-26-00-16-00-1F-00-00-00-FF-FF-00-00-00-00-01-00-5A-80-E5-03
18/09/2016 17:16:14.170,RX,02-2B-47-03-E0-07-09-12-78-8C-B4-03-02-4B-00-98-00-00-80-E8-FF-02-00-06-00-31-10-5A-03-00-FF-FF-FF-14-0A-F4-01-3E-FF-FF-64-FF-FF-C9-00-A0-FF-A7-FF-1B-00-26-00-16-00-1F-00-16-01-00-02-FE-B5-0C-74-01-9E-01-A2-01-FB-01-00-00-F7-03
18/09/2016 17:16:14.271,RX,02-22-58-A5-E0-07-09-12-FD-8B-B4-03-ED-BD-17-9F-7C-F3-CD-37-DF-7C-F5-E1-C7-5F-80-05-1E-68-60-80-F9-C1-87-9E-78-E0-85-57-DE-7A-F0-CD-47-5F-7C-EC-A1-67-1E-7A-ED-D1-97-1F-7F-FB-E1-37-DF-7B-EC-B1-E7-5E-7C-F3-CD-27-1F-7C-EE-B5-D7-9E-7B-F0-C5-37-5F-7D-F6-E1-A7-1F-7F-FF-05-48-20-86-03-02-24-2D-38-E0-07-09-12-69-89-B4-03-75-FC-ED-02-ED-02-ED-02-ED-02-ED-02-ED-02-ED-02-ED-02-ED-02-ED-02-ED-02-ED-02-ED-02-ED-02-ED-02-ED-02-ED-02-9F-03
18/09/2016 17:16:14.457,RX,02-22-58-A6-E0-07-09-12-F8-8C-B4-03-07-26-B8-E0-82-0C-2E-B8-20-83-0C-36-D8-60-83-0C-2A-98-E0-81-06-16-48-E0-80-03-06-18-20-80-00-02-18-60-80-02-0E-58-A0-81-06-1E-88-60-82-0B-36-F8-60-84-14-5A-A8-61-87-20-82-D8-61-86-15-42-B8-E0-81-03-FE-D7-5F-7F-FF-09-58-E0-81-09-2A-B8-20-B1-03
18/09/2016 17:16:14.572,TX,02-23-00-00-03
18/09/2016 17:16:14.610,RX,02-21-20-A9-E0-07-09-12-F1-8A-B4-03-FF-FD-E7-9F-7F-FE-F9-F7-DF-7F-FF-FD-07-20-80-00-02-08-20-80-00-02-08-F3-03
18/09/2016 17:16:14.725,RX,02-22-58-A7-E0-07-09-12-F4-8D-B4-03-0C-36-E8-E0-83-11-4E-58-E1-85-19-6A-B8-E1-86-1A-6A-A8-61-86-19-66-98-61-86-18-66-98-61-86-19-62-78-A1-85-15-52-38-61-84-0F-3A-D8-20-83-0B-2E-B8-E0-82-0A-2A-98-60-82-09-2A-B8-20-83-0D-3A-F8-20-84-11-4A-38-61-85-16-5E-98-61-86-19-62-68-21-85-03
18/09/2016 17:16:14.942,RX,02-22-58-A8-E0-07-09-12-F0-8E-B4-03-14-4E-28-61-84-10-42-F8-A0-83-0D-36-D8-A0-83-0F-3E-08-21-84-11-46-18-A1-84-13-56-98-A1-87-23-A2-98-E2-89-20-62-F8-20-82-03-0A-38-E0-81-0B-3A-F8-60-83-09-16-38-E0-80-06-2E-F8-60-84-0F-2A-68-E0-80-03-16-88-A0-82-0B-2A-88-A0-81-03-02-E8-1F-DC-03
18/09/2016 17:16:15.057,RX,02-20-35-2A-E0-07-09-12-62-90-B4-03-4B-00-98-00-00-80-E7-FF-02-00-04-00-31-10-03-00-00-0A-58-02-A0-FF-A6-FF-1E-00-27-00-18-00-1F-00-00-00-FF-FF-00-00-00-00-01-00-5A-80-23-03
18/09/2016 17:16:15.173,RX,02-2B-47-04-E0-07-09-12-62-90-B4-03-02-4B-00-98-00-00-80-E7-FF-02-00-04-00-31-10-5A-03-00-FF-FF-FF-00-0A-58-02-41-FF-FF-64-FF-FF-D1-00-A0-FF-A6-FF-1E-00-27-00-18-00-1F-00-16-01-00-02-FE-B5-0C-74-01-A0-01-A3-01-FA-01-00-00-3A-03
18/09/2016 17:16:15.273,RX,02-22-58-A9-E0-07-09-12-EC-8F-B4-03-FC-ED-B7-DF-7E-FC-F5-F7-5F-80-03-1A-88-A0-82-0B-2E-B8-A0-82-09-22-88-20-82-09-26-A8-A0-82-0A-2A-B8-20-83-0E-46-38-A1-85-17-62-88-E1-85-17-5A-68-E1-85-17-62-88-21-86-19-66-98-A1-86-1A-6E-C8-21-87-1D-7A-18-62-89-2A-BA-F8-A2-8B-2B-A2-68-22-9C-03-02-24-2D-39-E0-07-09-12-58-8D-B4-03-ED-02-ED-02-ED-02-ED-02-ED-02-ED-02-ED-02-ED-02-ED-02-ED-02-ED-02-ED-02-ED-02-ED-02-7F-F9-7F-F9-7F-F9-7F-F9-92-03
18/09/2016 17:16:15.458,RX,02-22-58-AA-E0-07-09-12-EA-90-B4-03-23-7E-B8-E1-85-13-4A-18-A1-84-15-5E-A8-61-87-1F-82-08-22-88-1F-7E-F8-E1-87-1E-7A-E8-A1-87-1E-7E-08-62-88-21-86-28-62-88-21-86-18-22-88-20-7E-D8-21-87-1A-62-58-E1-84-11-42-F8-20-84-10-46-18-21-84-10-42-18-E1-84-14-52-48-E1-84-13-4A-18-21-68-03
18/09/2016 17:16:15.574,TX,02-23-00-00-03
18/09/2016 17:16:15.642,RX,02-21-20-AA-E0-07-09-12-E0-8E-B4-03-00-02-08-20-80-01-06-18-60-80-01-06-18-60-80-01-06-08-20-80-00-02-08-A1-03
18/09/2016 17:16:15.758,RX,02-22-58-AB-E0-07-09-12-E6-91-B4-03-0F-36-C8-A0-82-09-1A-48-A0-80-00-FA-D7-5F-7F-FE-FD-F7-DF-7F-FF-FD-F7-DF-7F-00-0A-38-20-81-05-16-68-E0-81-0A-36-38-61-86-1F-8A-28-62-87-16-36-58-20-80-FF-09-68-A0-82-0C-2A-38-A0-7E-F0-A1-47-DE-79-EF-F1-67-20-83-0C-22-38-20-80-00-0A-48-20-79-03
18/09/2016 17:16:15.873,RX,02-23-00-00-03
18/09/2016 17:16:15.974,RX,02-22-58-AC-E0-07-09-12-E2-92-B4-03-05-16-58-E0-81-08-26-A8-A0-82-0B-36-F8-60-84-13-4E-48-61-85-14-52-38-61-84-11-42-08-21-84-0F-36-C8-A0-82-09-26-88-20-82-07-1A-58-20-81-02-06-08-A0-7F-FC-E9-87-5F-7D-F3-C5-F7-1E-7B-EB-AD-B7-1E-7B-EE-C1-17-9F-7C-F3-CD-37-DF-7C-F3-CD-37-1F-69-03
18/09/2016 17:16:16.076,RX,02-20-35-2B-E0-07-09-12-47-94-B4-03-4A-00-97-00-00-80-E7-FF-02-00-04-00-31-10-03-00-00-0A-44-02-A0-FF-A7-FF-21-00-26-00-16-00-1F-00-00-00-FF-FF-00-00-00-00-01-00-5A-80-1C-03-02-2B-47-05-E0-07-09-12-47-94-B4-03-02-4A-00-97-00-00-80-E7-FF-02-00-04-00-31-10-5A-03-00-FF-FF-FF-00-0A-44-02-43-FF-FF-64-FF-FF-D9-00-A0-FF-A7-FF-21-00-26-00-16-00-1F-00-16-01-00-02-FE-00-0C-74-01-9E-01-9C-01-F9-01-00-00-EB-03
18/09/2016 17:16:16.213,RX,02-22-58-AD-E0-07-09-12-DE-93-B4-03-F4-D1-37-1F-7C-EB-91-E7-5D-76-D5-49-17-1D-74-D0-45-37-5D-75-D8-69-D7-DD-77-E0-81-07-DE-77-DF-79-F7-5D-78-E4-99-87-5E-7A-EA-AD-D7-9E-7B-F0-C5-17-9F-7C-F2-C5-F7-9E-7B-EC-AD-A7-5E-7A-E9-A1-87-DE-79-E6-95-47-1E-79-E4-95-57-9E-79-E8-A5-97-1E-95-03
18/09/2016 17:16:16.329,RX,02-24-2D-3A-E0-07-09-12-4A-91-B4-03-7F-F9-7F-F9-7F-F9-7F-F9-7F-F9-7F-F9-7F-F9-7F-F9-7F-F9-7F-F9-6B-03-6B-03-6B-03-6B-03-6B-03-6B-03-6B-03-6B-03-3C-03
18/09/2016 17:16:16.460,RX,02-22-58-AE-E0-07-09-12-D7-94-B4-03-EA-B1-E7-DE-7B-F2-D1-67-DF-7D-F7-D9-47-DF-7C-F1-C1-F7-DE-7B-EE-B5-C7-DE-7A-E9-99-47-DE-78-E2-85-07-1E-78-DF-79-E7-5D-77-DD-79-07-9E-78-E5-9D-97-9E-7A-EA-AD-C7-9E-7B-F2-DD-D7-5F-80-02-FA-57-5F-7A-DD-51-E7-9C-73-D1-59-B7-1D-78-E1-81-C7-1D-39-03
18/09/2016 17:16:16.580,TX,02-23-00-00-03
18/09/2016 17:16:16.630,RX,02-21-20-AB-E0-07-09-12-D2-92-B4-03-00-02-08-20-80-00-02-08-E0-7F-FF-FD-F7-DF-7F-FF-FD-F7-DF-7F-FF-FD-07-53-03
18/09/2016 17:16:16.749,RX,02-22-58-AF-E0-07-09-12-D3-95-B4-03-D8-55-57-1D-76-DF-A1-17-9F-7D-F7-CD-D7-5E-79-DF-6D-97-1D-76-D8-65-A7-5D-77-DF-8D-77-5E-7B-F3-ED-47-20-83-13-6A-08-A2-89-2A-B6-E8-62-8B-29-96-08-E2-86-16-4A-E8-A0-82-07-12-18-20-80-FF-F9-D7-5F-7F-FD-F5-C7-DF-7E-F9-D9-47-9F-7C-F1-C5-17-1F-DB-03
18/09/2016 17:16:16.968,RX,02-22-58-B0-E0-07-09-12-CF-96-B4-03-F0-C1-F7-9E-7B-ED-B5-E7-DE-7B-F1-D1-67-9F-7E-FC-FD-07-20-80-00-FE-D7-9F-7E-F5-C5-D7-9E-7A-E8-9D-87-1E-7A-E9-AD-D7-9E-7B-EF-BD-F7-DE-7B-F0-C9-57-5F-7E-FB-F9-F7-1F-80-01-06-28-A0-80-03-12-58-A0-81-07-1E-78-A0-81-05-12-28-60-80-00-FA-C7-1F-0D-03
18/09/2016 17:16:17.083,RX,02-20-35-2C-E0-07-09-12-33-98-B4-03-4A-00-97-00-00-80-E7-FF-02-00-0A-00-31-10-03-00-9C-09-94-02-A0-FF-B3-FF-1F-00-26-00-16-00-21-00-00-00-FF-FF-00-00-00-00-01-00-5A-80-3F-03-02-2B-47-06-E0-07-09-12-33-98-B4-03-02-4A-00-97-00-00-80-E7-FF-02-00-0A-00-31-10-5A-03-00-FF-FF-FF-9C-09-94-02-43-FF-FF-64-FF-FF-E1-00-A0-FF-B3-FF-1F-00-26-00-16-00-21-00-16-01-00-02-FE-B5-0C-74-01-9F-01-A4-01-FB-01-00-00-E9-03
18/09/2016 17:16:17.206,RX,02-22-58-B1-E0-07-09-12-CB-97-B4-03-FA-E1-67-5F-7D-F4-D1-47-5F-7D-F6-D9-67-5F-7D-F5-D9-77-5F-7E-FB-F1-E7-DF-7F-00-06-28-E0-80-04-16-58-60-81-04-0A-08-E0-7F-FD-F5-C7-DF-7E-FB-ED-B7-9F-7E-F9-E5-87-1F-7E-F8-E5-A7-9F-7E-FB-F1-C7-5F-7F-FD-F9-F7-1F-80-00-0A-38-60-81-06-1E-88-20-54-03
18/09/2016 17:16:17.324,RX,02-24-2D-3B-E0-07-09-12-37-95-B4-03-6B-03-6B-03-6B-03-6B-03-6B-03-2C-FD-2C-FD-2C-FD-2C-FD-2C-FD-2C-FD-2C-FD-2C-FD-2C-FD-2C-FD-2C-FD-2C-FD-2C-FD-BC-03
18/09/2016 17:16:17.495,DISCONNECT,(Intentional) Device Name : BH BHT004652 MAC: E0:D7:BA:A7:FD:E2
