SeqNo,Year,Month,Day,ms,time,PacketVersion,HR,BR,SkinTemp,Posture,Activity,Peak Accel,BattV,Batt%,BrWaveAmp,BrWaveNoise,BRConf,ECGAmp,ECGNoise,HRConf,HRV,SysConf,GSR,ROGState,ROGTime,VerticalAccelMin,VerticalAccelPeak,LateralAccelMin,LateralAccelPeak,SagittalAccelMin,SagittalAccelPeak,DeviceTemp,StatusInfo,LinkQual,RSSI,TXPower,EstimatedCoreTemp,AuxADC1,AuxADC2,AuxADC3,Reserved
128,2016,9,26,44518183,2016_9_26-12_21_58,2,139,5.5,-3276.8,-4,0.03,0.08,4.067,77,2,65535,255,0.88,1.34,7,65535,0,65535,1,27,-1.01,-0.96,0.04,0.15,-0.01,0.1,24.1,528,254,-75,12,37.7,415,421,508,0
129,2016,9,26,44519183,2016_9_26-12_21_59,2,139,5.5,-3276.8,-6,0.02,0.07,4.067,77,2,65535,255,0.9,1.18,6,65535,0,65535,1,28,-1,-0.97,0.06,0.16,-0.04,0.04,24.1,528,254,-75,12,37.7,416,421,508,0
130,2016,9,26,44520183,2016_9_26-12_22_0,2,139,5.5,-3276.8,-4,0.02,0.04,4.067,77,1,65535,255,0.9,1,5,65535,0,65535,1,29,-1.01,-0.96,0.04,0.15,-0.02,0.03,24.1,528,254,0,12,37.7,414,421,507,0
131,2016,9,26,44521183,2016_9_26-12_22_1,2,140,5.5,-3276.8,-3,0.02,0.06,4.067,77,1,65535,255,0.9,0.92,5,65535,0,65535,1,30,-1.01,-0.97,0.02,0.13,-0.02,0.03,24.1,528,254,0,12,37.7,399,411,501,0
132,2016,9,26,44522185,2016_9_26-12_22_2,2,140,5.6,-3276.8,-3,0.02,0.04,4.067,77,1,65535,255,0.9,0.7,4,65535,0,65535,1,31,-1.01,-0.97,0.01,0.09,0,0.03,24.1,528,254,0,12,37.7,415,421,507,0
133,2016,9,26,44523186,2016_9_26-12_22_3,2,139,5.6,-3276.8,-2,0.02,0.12,4.067,77,1,65535,255,0.8,1.32,4,65535,0,65535,1,32,-1.06,-0.96,0.01,0.07,-0.02,0.16,24.1,528,254,0,12,37.7,424,424,515,0
134,2016,9,26,44524186,2016_9_26-12_22_4,2,139,5.9,-3276.8,-1,0.07,0.08,4.067,77,1,65535,255,0.8,2.38,3,65535,0,65535,1,33,-1.01,-0.96,-0.01,0.12,-0.08,0.04,24.1,528,254,0,12,37.7,415,421,507,0
135,2016,9,26,44525186,2016_9_26-12_22_5,2,139,5.9,-3276.8,-4,0.2,0.45,4.067,77,3,65535,255,1.02,3.26,3,65535,0,65535,1,34,-1.04,-0.93,-0.46,0.03,-0.02,0.2,24.1,528,254,-75,12,37.7,415,421,507,0
136,2016,9,26,44526187,2016_9_26-12_22_6,2,139,6.5,-3276.8,-7,0.1,0.18,4.067,77,4,65535,255,1.02,3.14,3,65535,0,65535,0,0,-1.01,-0.96,-0.07,0.14,0.06,0.19,24.1,531,254,0,12,37.7,413,424,515,0
137,2016,9,26,44527187,2016_9_26-12_22_7,2,139,6.5,-3276.8,-8,0.1,0.18,4.067,77,3,65535,255,1.04,3.98,3,65535,0,65535,1,0,-1.08,-0.96,-0.16,0.18,0.1,0.25,24.1,528,254,0,12,37.7,415,421,507,0
138,2016,9,26,44528187,2016_9_26-12_22_8,2,139,6.8,-3276.8,-4,0.11,0.19,4.067,77,3,65535,255,1.04,5.56,2,65535,0,65535,1,1,-1.02,-0.93,-0.02,0.19,-0.04,0.21,24.1,528,254,0,12,37.7,415,421,507,0
139,2016,9,26,44529187,2016_9_26-12_22_9,2,139,6.8,-3276.8,-3,0.07,0.18,4.067,77,3,65535,255,1.04,4.06,2,65535,0,65535,1,2,-1.06,-0.93,-0.13,0.02,-0.07,0.08,24.2,528,254,0,12,37.7,415,421,507,0
140,2016,9,26,44530188,2016_9_26-12_22_10,2,139,7.3,-3276.8,-3,0.04,0.08,4.067,77,3,65535,255,1.04,2.62,2,65535,0,65535,1,3,-1.02,-0.96,-0.12,0.01,-0.01,0.08,24.2,528,254,-75,12,37.7,415,421,508,0
141,2016,9,26,44531187,2016_9_26-12_22_11,2,138,7.3,-3276.8,-3,0.03,0.09,4.067,77,2,65535,255,1.04,1.82,2,65535,0,65535,1,4,-1.03,-0.96,-0.15,0,-0.01,0.08,24.2,528,254,0,12,37.7,414,421,508,0
142,2016,9,26,44532187,2016_9_26-12_22_12,2,138,7.7,-3276.8,-3,0.02,0.06,4.067,77,2,65535,255,1.04,1.54,2,65535,0,65535,1,5,-1.02,-0.97,-0.08,0.01,0,0.07,24.2,528,254,0,12,37.7,415,420,508,0
143,2016,9,26,44533188,2016_9_26-12_22_13,2,138,7.7,-3276.8,-2,0.02,0.04,4.067,77,2,65535,255,1.04,3.96,2,65535,0,65535,0,0,-1.01,-0.97,-0.07,0.01,-0.01,0.06,24.2,531,254,0,12,37.7,421,416,506,0
144,2016,9,26,44534187,2016_9_26-12_22_14,2,138,8.5,-3276.8,-1,0.03,0.07,4.067,77,2,65535,255,1.04,4.36,2,65535,0,65535,1,0,-1.01,-0.97,-0.04,0.02,-0.03,0.08,24.2,528,254,0,12,37.7,415,420,508,0
145,2016,9,26,44535186,2016_9_26-12_22_15,2,138,8.5,-3276.8,-1,0.03,0.07,4.067,77,2,65535,255,1.04,4,1,65535,0,65535,1,1,-1.02,-0.96,-0.02,0.07,-0.02,0.06,24.2,528,195,0,12,37.7,414,420,507,0
146,2016,9,26,44536189,2016_9_26-12_22_16,2,138,9.1,-3276.8,-1,0.03,0.07,4.067,77,2,65535,255,1.04,3.38,1,65535,0,65535,1,2,-1.01,-0.97,0.01,0.08,0,0.09,24.2,528,254,-75,12,37.7,416,421,508,0
147,2016,9,26,44537183,2016_9_26-12_22_17,2,138,9.1,-3276.8,-1,0.01,0.04,4.067,77,2,65535,255,1.04,1.82,1,65535,0,65535,1,3,-1.01,-0.97,0.01,0.07,0,0.07,24.2,528,254,0,12,37.7,415,421,508,0
148,2016,9,26,44538187,2016_9_26-12_22_18,2,138,9.4,-3276.8,-1,0.05,0.07,4.067,77,2,65535,255,1.04,1.62,1,65535,0,65535,1,4,-1.02,-0.97,-0.03,0.08,-0.06,0.07,24.2,528,254,0,12,37.7,414,421,508,0
149,2016,9,26,44539187,2016_9_26-12_22_19,2,138,9.4,-3276.8,-2,0.06,0.13,4.067,77,2,65535,255,1.04,1.44,1,65535,0,65535,1,5,-1.02,-0.97,-0.12,-0.01,-0.02,0.14,24.2,528,254,0,12,37.7,415,421,507,0
150,2016,9,26,44540187,2016_9_26-12_22_20,2,138,9.7,-3276.8,-2,0.01,0.06,4.067,77,2,65535,255,1.04,0.94,1,65535,0,65535,1,6,-1.01,-0.97,-0.1,0.01,0,0.08,24.2,528,254,0,12,37.7,415,416,501,0
151,2016,9,26,44541187,2016_9_26-12_22_21,2,138,9.7,-3276.8,-2,0.01,0.04,4.067,77,2,65535,255,1.04,0.6,1,65535,0,65535,1,7,-1.01,-0.97,-0.06,0.02,0,0.08,24.2,528,254,0,12,37.7,414,421,507,0
152,2016,9,26,44542188,2016_9_26-12_22_22,2,138,9.9,-3276.8,-2,0.01,0.03,4.067,77,2,65535,255,1.04,0.48,1,65535,0,65535,1,8,-1.02,-0.96,-0.04,0.01,0,0.07,24.3,528,254,0,12,37.7,415,420,507,0
153,2016,9,26,44543187,2016_9_26-12_22_23,2,138,9.9,-3276.8,-1,0.01,0.04,4.067,77,2,65535,255,1.04,0.44,1,65535,0,65535,1,9,-1.01,-0.96,-0.04,0.02,0,0.07,24.3,528,254,0,12,37.7,414,421,507,0
154,2016,9,26,44544187,2016_9_26-12_22_24,2,138,9.8,-3276.8,-2,0.01,0.03,4.067,77,1,65535,255,1.04,0.36,1,65535,0,65535,1,10,-1.01,-0.97,-0.07,0,0,0.07,24.3,528,254,-75,12,37.7,415,421,507,0
155,2016,9,26,44545188,2016_9_26-12_22_25,2,138,9.8,-3276.8,-2,0.01,0.03,4.067,77,1,65535,255,0.8,0.3,1,65535,0,65535,1,11,-1,-0.97,-0.04,0.01,0.01,0.08,24.3,528,254,0,12,37.7,414,421,507,0
156,2016,9,26,44546189,2016_9_26-12_22_26,2,138,9.4,-3276.8,-1,0.01,0.03,4.067,77,1,65535,255,0.8,0.28,1,65535,0,65535,1,12,-1.01,-0.97,-0.03,0.02,0,0.07,24.3,528,254,-75,12,37.7,415,420,507,0
157,2016,9,26,44547191,2016_9_26-12_22_27,2,138,9.4,-3276.8,-2,0.01,0.03,4.067,77,1,65535,255,0.56,0.28,1,65535,0,65535,1,13,-1.01,-0.97,-0.04,0.01,0,0.08,24.3,528,254,-75,12,37.7,402,411,491,0
158,2016,9,26,44548189,2016_9_26-12_22_28,2,138,9.1,-3276.8,-2,0.01,0.03,4.067,77,1,65535,255,0.56,0.32,1,65535,0,65535,1,14,-1.01,-0.96,-0.06,0.01,0,0.08,24.3,528,254,0,12,37.7,415,420,508,0
159,2016,9,26,44549189,2016_9_26-12_22_29,2,138,9.1,-3276.8,-2,0.01,0.03,4.067,77,1,65535,255,0.56,0.62,1,65535,0,65535,0,0,-1.01,-0.96,-0.02,0.02,0.01,0.07,24.3,531,254,0,12,37.7,416,423,517,0
160,2016,9,26,44550191,2016_9_26-12_22_30,2,138,8.8,-3276.8,-2,0.01,0.04,4.067,77,1,65535,255,0.56,0.54,1,65535,0,65535,1,0,-1.01,-0.97,-0.02,0.02,0.01,0.09,24.3,528,254,0,12,37.7,416,421,507,0
161,2016,9,26,44551189,2016_9_26-12_22_31,2,138,8.8,-3276.8,-2,0.01,0.03,4.067,77,1,65535,255,0.56,0.46,1,65535,0,65535,1,1,-1.01,-0.97,-0.01,0.03,0.01,0.08,24.3,528,254,0,12,37.7,414,421,507,0
162,2016,9,26,44552191,2016_9_26-12_22_32,2,138,8.5,-3276.8,-2,0.01,0.03,4.067,77,1,65535,255,0.56,0.42,1,65535,0,65535,1,2,-1.01,-0.97,-0.02,0.02,0,0.08,24.3,528,254,0,12,37.7,415,420,507,0
163,2016,9,26,44553191,2016_9_26-12_22_33,2,138,8.5,-3276.8,-2,0.01,0.03,4.067,77,1,65535,255,0.54,0.36,1,65535,0,65535,1,3,-1.02,-0.97,-0.03,0.03,0.01,0.08,24.3,528,254,0,12,37.7,414,421,507,0
164,2016,9,26,44554189,2016_9_26-12_22_34,2,137,8,-3276.8,-2,0.01,0.03,4.067,77,1,65535,255,0.54,0.32,1,65535,0,65535,1,4,-1.03,-0.97,-0.01,0.03,0,0.08,24.3,528,254,0,12,37.7,414,421,507,0
165,2016,9,26,44555192,2016_9_26-12_22_35,2,137,8,-3276.8,-2,0.01,0.04,4.067,77,1,65535,255,0.54,0.32,1,65535,0,65535,1,5,-1.01,-0.97,-0.02,0.03,0,0.1,24.3,528,254,-75,12,37.7,415,421,507,0
166,2016,9,26,44556192,2016_9_26-12_22_36,2,137,7.5,-3276.8,-2,0.01,0.03,4.067,77,1,65535,255,0.54,0.32,1,65535,0,65535,1,6,-1,-0.97,-0.03,0.03,0.01,0.09,24.3,528,254,0,12,37.7,418,423,509,0
167,2016,9,26,44557191,2016_9_26-12_22_37,2,137,7.5,-3276.8,-2,0.01,0.03,4.067,77,1,65535,255,0.62,0.32,1,65535,0,65535,1,7,-1,-0.96,-0.02,0.03,0.01,0.08,24.3,528,254,-75,12,37.7,415,421,507,0
168,2016,9,26,44558187,2016_9_26-12_22_38,2,138,7,-3276.8,-2,0.01,0.03,4.067,77,1,65535,255,0.62,0.3,2,65535,0,65535,1,8,-1.01,-0.97,-0.03,0.02,0,0.08,24.3,528,254,0,12,37.7,415,421,507,0
169,2016,9,26,44559191,2016_9_26-12_22_39,2,139,7,-3276.8,-2,0.01,0.03,4.067,77,1,65535,255,0.58,0.3,3,65535,0,65535,1,9,-1.02,-0.97,-0.02,0.02,0,0.08,24.3,528,254,0,12,37.7,409,414,502,0
170,2016,9,26,44560192,2016_9_26-12_22_40,2,139,6.6,-3276.8,-2,0.01,0.04,4.067,77,0,65535,255,0.58,0.3,3,65535,0,65535,1,10,-1.02,-0.97,-0.01,0.06,0,0.08,24.3,528,254,0,12,37.7,415,420,508,0
171,2016,9,26,44561186,2016_9_26-12_22_41,2,139,6.6,-3276.8,-2,0.01,0.03,4.067,77,1,65535,255,0.68,0.3,6,65535,0,65535,1,11,-1.01,-0.97,-0.01,0.03,0,0.07,24.3,528,254,0,12,37.7,414,421,507,0
172,2016,9,26,44562191,2016_9_26-12_22_42,2,140,6.3,-3276.8,-2,0.01,0.04,4.067,77,1,65535,255,0.68,0.38,7,65535,0,65535,1,12,-1.01,-0.96,-0.01,0.03,-0.01,0.08,24.3,528,254,-75,12,37.7,415,421,507,0
173,2016,9,26,44563191,2016_9_26-12_22_43,2,140,6.3,-3276.8,-2,0.01,0.03,4.067,77,1,65535,255,0.98,0.32,12,65535,0,65535,1,13,-1.02,-0.97,-0.02,0.03,0.01,0.07,24.3,528,254,0,12,37.7,416,421,508,0
174,2016,9,26,44564190,2016_9_26-12_22_44,2,141,6.3,-3276.8,-2,0.01,0.03,4.067,77,1,65535,255,0.98,0.32,17,65535,0,65535,1,14,-1.01,-0.96,0,0.04,0.01,0.08,24.3,528,254,0,12,37.7,415,421,508,0
175,2016,9,26,44565193,2016_9_26-12_22_45,2,141,6.3,-3276.8,-2,0.02,0.06,4.067,77,1,65535,255,0.98,0.36,15,65535,0,65535,1,15,-1.01,-0.96,-0.01,0.08,0,0.1,24.3,528,254,0,12,37.7,415,421,507,0
176,2016,9,26,44566186,2016_9_26-12_22_46,2,140,6.2,-3276.8,-2,0.01,0.06,4.067,77,1,65535,255,0.98,0.36,13,65535,0,65535,1,16,-1.01,-0.97,0,0.07,0.01,0.1,24.3,528,254,-75,12,37.7,418,417,500,0
177,2016,9,26,44567187,2016_9_26-12_22_47,2,140,6.2,-3276.8,-2,0.01,0.03,4.067,77,1,65535,255,0.72,0.32,11,65535,0,65535,1,17,-1.01,-0.97,0.01,0.07,0.01,0.08,24.3,528,235,-75,12,37.7,414,421,507,0
178,2016,9,26,44568189,2016_9_26-12_22_48,2,140,6.5,-3276.8,-2,0.01,0.03,4.067,77,1,65535,255,0.72,0.32,10,65535,0,65535,1,18,-1.01,-0.97,0.01,0.07,0.01,0.08,24.3,528,254,-75,12,37.7,415,421,508,0
179,2016,9,26,44569191,2016_9_26-12_22_49,2,140,6.5,-3276.8,-2,0.01,0.03,4.067,77,1,65535,255,0.72,0.4,9,65535,0,65535,1,19,-1.03,-0.97,-0.01,0.06,0,0.08,24.3,528,254,-75,12,37.7,415,421,507,0
180,2016,9,26,44570192,2016_9_26-12_22_50,2,140,6.5,-3276.8,-2,0.01,0.03,4.067,77,1,65535,255,0.72,0.42,8,65535,0,65535,1,20,-1,-0.97,0,0.07,0,0.08,24.3,528,254,-75,12,37.7,415,421,508,0
181,2016,9,26,44571191,2016_9_26-12_22_51,2,140,6.5,-3276.8,-2,0.01,0.04,4.067,77,1,65535,255,0.72,0.36,7,65535,0,65535,1,21,-1.03,-0.96,-0.01,0.06,0.01,0.1,24.3,528,254,-75,12,37.7,414,422,507,0
182,2016,9,26,44572191,2016_9_26-12_22_52,2,140,6.7,-3276.8,-2,0.01,0.03,4.067,77,1,65535,255,0.72,0.32,6,65535,0,65535,1,22,-1.02,-0.96,-0.02,0.04,0.01,0.08,24.3,528,254,-75,12,37.7,415,421,508,0
183,2016,9,26,44573191,2016_9_26-12_22_53,2,140,6.7,-3276.8,-2,0.01,0.03,4.067,77,1,65535,255,0.72,0.38,5,65535,0,65535,1,23,-1.01,-0.97,-0.01,0.06,0,0.07,24.3,528,254,-75,12,37.7,402,408,490,0
184,2016,9,26,44574193,2016_9_26-12_22_54,2,140,6.9,-3276.8,-3,0.02,0.03,4.067,77,2,65535,255,0.72,0.72,5,65535,0,65535,1,24,-1.03,-0.97,0.01,0.07,0.01,0.08,24.3,528,254,0,12,37.7,415,421,507,0
185,2016,9,26,44575189,2016_9_26-12_22_55,2,139,6.9,-3276.8,-2,0.02,0.07,4.067,77,2,65535,255,0.72,0.58,4,65535,0,65535,1,25,-1.01,-0.97,0.01,0.12,0,0.1,24.3,528,254,-75,12,37.7,423,427,511,0
186,2016,9,26,44576193,2016_9_26-12_22_56,2,139,7.4,-3276.8,-2,0.01,0.04,4.067,77,2,65535,255,0.72,0.5,4,65535,0,65535,1,26,-1.02,-0.97,-0.02,0.08,0,0.08,24.3,528,254,0,12,37.7,415,421,507,0
187,2016,9,26,44577188,2016_9_26-12_22_57,2,138,7.4,-3276.8,-2,0.01,0.03,4.067,77,1,65535,255,0.72,0.46,7,65535,0,65535,1,27,-1.02,-0.97,0,0.06,0,0.08,24.3,528,215,-75,12,37.7,415,420,508,0
188,2016,9,26,44578193,2016_9_26-12_22_58,2,138,7.9,-3276.8,-2,0.01,0.04,4.067,77,1,65535,255,0.72,0.46,6,65535,0,65535,1,28,-1.02,-0.97,0,0.06,0,0.09,24.3,528,254,-75,12,37.7,415,429,507,0
189,2016,9,26,44579192,2016_9_26-12_22_59,2,138,7.9,-3276.8,-2,0.01,0.03,4.067,77,1,65535,255,0.72,0.42,5,65535,0,65535,1,29,-1.01,-0.96,0,0.04,0.01,0.08,24.3,528,254,0,12,37.7,415,420,507,0
190,2016,9,26,44580189,2016_9_26-12_23_0,2,138,8.3,-3276.8,-1,0.01,0.03,4.067,77,1,65535,255,0.72,0.42,5,65535,0,65535,1,30,-1,-0.97,-0.01,0.04,0,0.08,24.3,528,254,-75,12,37.7,415,421,507,0
191,2016,9,26,44581193,2016_9_26-12_23_1,2,138,8.3,-3276.8,-1,0.01,0.03,4.067,77,1,65535,255,0.72,0.44,4,65535,0,65535,1,31,-1.01,-0.97,0,0.06,0,0.07,24.3,528,254,0,12,37.7,415,422,508,0
192,2016,9,26,44582188,2016_9_26-12_23_2,2,138,8.7,-3276.8,-1,0.01,0.03,4.067,77,1,65535,255,0.72,0.38,4,65535,0,65535,1,32,-1.02,-0.96,0,0.07,0,0.07,24.3,528,254,0,12,37.7,414,420,508,0
193,2016,9,26,44583193,2016_9_26-12_23_3,2,137,8.7,-3276.8,-1,0.01,0.03,4.067,77,1,65535,255,1.18,0.38,4,65535,0,65535,1,33,-1.01,-0.97,-0.01,0.06,0,0.06,24.3,528,254,0,12,37.7,415,421,508,0
194,2016,9,26,44584193,2016_9_26-12_23_4,2,137,8.7,-3276.8,-1,0.01,0.03,4.067,77,2,65535,255,1.18,0.42,3,65535,0,65535,1,34,-1.01,-0.97,0,0.06,0,0.06,24.3,528,254,0,12,37.7,414,421,507,0
195,2016,9,26,44585194,2016_9_26-12_23_5,2,137,8.7,-3276.8,-1,0.01,0.04,4.067,77,1,65535,255,1.12,0.52,3,65535,0,65535,1,35,-1.02,-0.96,-0.01,0.06,0,0.08,24.3,528,254,0,12,37.7,415,420,508,0
196,2016,9,26,44586194,2016_9_26-12_23_6,2,137,9,-3276.8,-1,0.01,0.03,4.067,77,1,65535,255,1.12,0.48,3,65535,0,65535,1,36,-1.02,-0.96,-0.01,0.03,0.01,0.07,24.3,528,254,0,12,37.7,415,421,507,0
197,2016,9,26,44587194,2016_9_26-12_23_7,2,137,9,-3276.8,-1,0.01,0.04,4.067,77,1,65535,255,0.84,0.38,2,65535,0,65535,1,37,-1.01,-0.97,-0.01,0.03,0,0.08,24.3,528,254,0,12,37.7,415,421,507,0
198,2016,9,26,44588194,2016_9_26-12_23_8,2,137,9,-3276.8,-1,0.01,0.03,4.067,77,1,65535,255,0.84,0.32,2,65535,0,65535,1,38,-1.01,-0.96,-0.01,0.03,0.01,0.08,24.3,528,254,-75,12,37.7,416,420,507,0
199,2016,9,26,44589194,2016_9_26-12_23_9,2,137,9,-3276.8,-1,0.01,0.04,4.067,77,1,65535,255,0.78,0.34,2,65535,0,65535,1,39,-1,-0.97,-0.02,0.03,0,0.08,24.3,528,254,0,12,37.7,415,421,508,0
200,2016,9,26,44590194,2016_9_26-12_23_10,2,137,9,-3276.8,-2,0.01,0.03,4.067,77,1,65535,255,0.78,0.34,2,65535,0,65535,1,40,-1.01,-0.96,-0.03,0.03,0,0.07,24.3,528,254,0,12,37.7,408,405,492,0
201,2016,9,26,44591194,2016_9_26-12_23_11,2,137,9,-3276.8,-2,0.01,0.03,4.067,77,1,65535,255,0.76,0.32,2,65535,0,65535,1,41,-1.02,-0.96,0,0.04,0.01,0.08,24.4,528,254,0,12,37.7,415,421,508,0
202,2016,9,26,44592194,2016_9_26-12_23_12,2,137,8.7,-3276.8,-1,0.01,0.03,4.067,77,1,65535,255,0.76,0.3,2,65535,0,65535,1,42,-1.01,-0.97,-0.02,0.03,0.01,0.07,24.4,528,254,0,12,37.7,422,424,514,0
203,2016,9,26,44593194,2016_9_26-12_23_13,2,137,8.7,-3276.8,-1,0.01,0.03,4.067,77,1,65535,255,0.68,0.28,2,65535,0,65535,1,43,-1.01,-0.97,-0.02,0.04,0.01,0.07,24.5,528,254,0,12,37.7,415,422,508,0
204,2016,9,26,44594194,2016_9_26-12_23_14,2,137,8.5,-3276.8,-2,0.01,0.03,4.067,77,0,65535,255,0.68,0.28,1,65535,0,65535,1,44,-1.01,-0.97,0,0.06,0,0.07,24.5,528,254,-75,12,37.7,415,420,507,0
205,2016,9,26,44595189,2016_9_26-12_23_15,2,136,8.5,-3276.8,-2,0.01,0.04,4.067,77,0,65535,255,0.68,0.28,1,65535,0,65535,1,45,-1.02,-0.97,-0.02,0.04,0,0.08,24.5,528,254,0,12,37.7,423,415,508,0
206,2016,9,26,44596194,2016_9_26-12_23_16,2,136,7.9,-3276.8,-2,0.01,0.03,4.067,77,0,65535,255,0.68,0.36,2,65535,0,65535,1,46,-1.01,-0.96,0,0.06,0.01,0.08,24.5,528,254,0,12,37.7,415,422,507,0
207,2016,9,26,44597193,2016_9_26-12_23_17,2,136,7.9,-3276.8,-2,0.01,0.03,4.067,77,0,65535,255,0.58,0.34,2,65535,0,65535,1,47,-1.02,-0.97,-0.01,0.04,0,0.08,24.5,528,254,0,12,37.7,415,421,507,0
208,2016,9,26,44598194,2016_9_26-12_23_18,2,136,7.4,-3276.8,-2,0.01,0.03,4.067,77,0,65535,255,0.58,0.32,2,65535,0,65535,1,48,-1.02,-0.96,0,0.04,0.02,0.07,24.5,528,254,0,12,37.7,415,420,508,0
209,2016,9,26,44599193,2016_9_26-12_23_19,2,135,7.4,-3276.8,-2,0.01,0.03,4.067,77,0,65535,255,0.64,0.28,2,65535,0,65535,1,49,-1.02,-0.97,-0.01,0.04,0.01,0.07,24.5,528,254,-75,12,37.7,415,421,507,0
210,2016,9,26,44600194,2016_9_26-12_23_20,2,135,7,-3276.8,-2,0.01,0.12,4.067,77,0,65535,255,0.64,0.28,1,65535,0,65535,1,50,-1.01,-0.96,-0.16,0.06,0,0.07,24.5,528,254,0,12,37.7,414,421,507,0
211,2016,9,26,44601194,2016_9_26-12_23_21,2,134,7,-3276.8,-2,0.01,0.02,4.067,77,0,65535,255,0.64,0.3,13,65535,0,65535,1,51,-1.01,-0.97,-0.01,0.06,0.01,0.07,24.5,528,254,0,12,37.7,415,420,507,0
212,2016,9,26,44602193,2016_9_26-12_23_22,2,132,6.6,-3276.8,-2,0.01,0.03,4.067,77,0,65535,255,0.64,0.28,22,65535,100,65535,1,52,-1.01,-0.96,-0.01,0.06,0,0.09,24.5,512,254,-75,12,37.8,414,405,488,0
213,2016,9,26,44603192,2016_9_26-12_23_23,2,131,6.6,-3276.8,-2,0.01,0.03,4.067,77,0,65535,255,0.7,0.3,30,65535,100,65535,1,53,-1.01,-0.97,-0.01,0.04,0,0.08,24.5,512,254,0,12,37.8,414,420,507,0
214,2016,9,26,44604196,2016_9_26-12_23_24,2,131,6.2,-3276.8,-2,0.01,0.03,4.067,77,0,65535,255,0.7,0.28,38,65535,100,65535,1,54,-1.01,-0.96,0,0.04,0,0.07,24.5,512,254,-75,12,37.8,419,424,511,0
215,2016,9,26,44605191,2016_9_26-12_23_25,2,130,6.2,-3276.8,-2,0.01,0.03,4.067,77,0,65535,255,0.64,0.28,36,65535,100,65535,1,55,-1.01,-0.96,0,0.06,0,0.09,24.5,512,254,0,12,37.8,415,421,507,0
216,2016,9,26,44606193,2016_9_26-12_23_26,2,130,5.6,-3276.8,-2,0.01,0.03,4.067,77,0,65535,255,0.64,0.28,32,65535,100,65535,1,56,-1.02,-0.96,-0.01,0.04,0.01,0.08,24.5,512,254,0,12,37.8,415,420,508,0
217,2016,9,26,44607193,2016_9_26-12_23_27,2,130,5.6,-3276.8,-2,0.01,0.03,4.067,77,0,65535,255,0.6,0.28,28,65535,100,65535,1,57,-1,-0.97,0,0.04,0.01,0.08,24.5,512,254,-75,12,37.8,418,416,499,0
218,2016,9,26,44608196,2016_9_26-12_23_28,2,130,5.1,-3276.8,-2,0.01,0.04,4.067,77,0,65535,255,0.6,0.28,25,65535,100,65535,1,58,-1.02,-0.97,0,0.04,0,0.1,24.5,512,215,0,12,37.8,414,421,507,0
219,2016,9,26,44609195,2016_9_26-12_23_29,2,130,5.1,-3276.8,-2,0.01,0.03,4.067,77,0,65535,255,0.6,0.26,24,65535,100,65535,1,59,-1.01,-0.96,-0.01,0.06,0,0.08,24.5,512,254,0,12,37.8,414,421,508,0
220,2016,9,26,44610194,2016_9_26-12_23_30,2,130,4.6,-3276.8,-2,0.01,0.03,4.067,77,0,65535,255,0.6,0.26,21,65535,100,65535,1,60,-1.01,-0.96,-0.02,0.03,0.01,0.08,24.5,512,254,-75,12,37.8,415,420,507,0
221,2016,9,26,44611196,2016_9_26-12_23_31,2,130,4.6,-3276.8,-2,0.01,0.03,4.067,77,0,65535,255,0.6,0.26,20,65535,100,65535,1,61,-1.03,-0.96,-0.01,0.06,0.01,0.08,24.5,512,254,0,12,37.8,415,420,507,0
222,2016,9,26,44612195,2016_9_26-12_23_32,2,130,4.1,-3276.8,-2,0.01,0.03,4.067,77,0,65535,255,0.6,0.24,19,65535,0,65535,1,62,-1.01,-0.96,0,0.06,0,0.07,24.5,528,254,-75,12,37.8,415,421,508,0
223,2016,9,26,44613196,2016_9_26-12_23_33,2,130,4.1,-3276.8,-2,0.01,0.03,4.067,77,0,65535,255,0.56,0.26,18,65535,0,65535,1,63,-1.01,-0.97,-0.02,0.04,0.01,0.08,24.5,528,254,0,12,37.8,415,421,507,0
224,2016,9,26,44614196,2016_9_26-12_23_34,2,130,3.7,-3276.8,-1,0.03,0.04,4.067,77,0,65535,255,0.56,0.82,16,65535,0,65535,1,64,-1,-0.96,0,0.04,0.01,0.09,24.5,528,254,0,12,37.8,415,421,508,0
225,2016,9,26,44615196,2016_9_26-12_23_35,2,129,3.7,-3276.8,-6,0.12,0.18,4.067,77,1,65535,255,0.52,5.46,14,65535,0,65535,0,0,-1.13,-0.95,-0.03,0.19,-0.09,0.21,24.5,531,254,-75,12,37.8,415,421,507,0
226,2016,9,26,44616197,2016_9_26-12_23_36,2,129,3.6,-3276.8,-9,0.08,0.18,4.067,77,1,65535,255,0.52,3.28,12,65535,0,65535,3,0,-1.01,-0.95,0.02,0.15,0.14,0.24,24.5,528,254,0,12,37.8,415,421,508,0
227,2016,9,26,44617197,2016_9_26-12_23_37,2,130,3.6,-3276.8,-10,0.04,0.1,4.067,77,1,65535,255,0.52,2.96,11,65535,0,65535,3,1,-1.01,-0.96,0.07,0.18,0.16,0.2,24.5,528,254,0,12,37.8,415,421,508,0
228,2016,9,26,44618196,2016_9_26-12_23_38,2,130,3.6,-3276.8,-11,0.03,0.07,4.067,77,1,65535,255,0.52,2.44,10,65535,0,65535,3,2,-1,-0.95,0.07,0.16,0.16,0.21,24.5,528,254,-75,12,37.8,415,421,507,0
229,2016,9,26,44619197,2016_9_26-12_23_39,2,131,3.6,-3276.8,-12,0.03,0.06,4.067,77,1,65535,255,0.52,2.08,9,65535,0,65535,3,3,-1,-0.96,0.08,0.18,0.18,0.21,24.5,528,254,0,12,37.8,415,420,507,0
230,2016,9,26,44620196,2016_9_26-12_23_40,2,132,3.5,-3276.8,-12,0.01,0.06,4.067,77,1,65535,255,0.52,1.6,8,65535,0,65535,3,4,-1,-0.96,0.09,0.18,0.19,0.22,24.5,528,254,0,12,37.8,416,421,507,0
231,2016,9,26,44621197,2016_9_26-12_23_41,2,132,3.5,-3276.8,-12,0.01,0.04,4.067,77,1,65535,255,0.52,1.24,7,65535,0,65535,3,5,-1,-0.96,0.08,0.16,0.18,0.22,24.5,528,254,0,12,37.8,416,422,508,0
232,2016,9,26,44622197,2016_9_26-12_23_42,2,132,3.5,-3276.8,-13,0.01,0.04,4.067,77,1,65535,255,0.52,0.94,6,65535,0,65535,3,6,-1,-0.96,0.1,0.19,0.18,0.22,24.5,528,254,0,12,37.8,415,421,508,0
233,2016,9,26,44623196,2016_9_26-12_23_43,2,133,3.5,-3276.8,-13,0.01,0.04,4.067,77,0,65535,255,0.52,0.68,5,65535,0,65535,3,7,-0.98,-0.93,0.08,0.18,0.16,0.22,24.5,528,254,-75,12,37.8,415,422,507,0
234,2016,9,26,44624196,2016_9_26-12_23_44,2,133,3.4,-3276.8,-13,0.02,0.03,4.067,77,0,65535,255,0.52,0.66,5,65535,0,65535,3,8,-1.01,-0.96,0.09,0.16,0.18,0.24,24.5,528,254,0,12,37.8,405,409,507,0
235,2016,9,26,44625196,2016_9_26-12_23_45,2,133,3.4,-3276.8,-14,0.02,0.06,4.067,77,1,65535,255,0.52,1.4,4,65535,0,65535,3,9,-1,-0.96,0.1,0.2,0.19,0.24,24.5,528,254,0,12,37.8,416,420,507,0
236,2016,9,26,44626196,2016_9_26-12_23_46,2,132,3.4,-3276.8,-10,0.09,0.09,4.067,77,1,65535,255,0.52,2.3,4,65535,0,65535,3,10,-1.03,-0.96,0.04,0.19,0.09,0.22,24.5,528,254,-75,12,37.8,420,425,512,0
237,2016,9,26,44627196,2016_9_26-12_23_47,2,132,3.4,-3276.8,-6,0.14,0.24,4.067,77,2,65535,255,0.52,1.96,3,65535,0,65535,3,11,-1.04,-0.95,-0.1,0.09,-0.06,0.13,24.5,528,254,0,12,37.8,415,421,508,0
238,2016,9,26,44628196,2016_9_26-12_23_48,2,132,3.7,-3276.8,-6,0.02,0.18,4.067,77,2,65535,255,0.52,1.72,3,65535,0,65535,3,12,-1.02,-0.96,-0.13,0.02,0.03,0.14,24.5,528,254,0,12,37.8,415,420,507,0
239,2016,9,26,44629198,2016_9_26-12_23_49,2,132,3.7,-3276.8,-6,0.01,0.04,4.067,77,2,65535,255,0.52,1.66,3,65535,0,65535,3,13,-1.02,-0.96,-0.03,0.03,0.04,0.14,24.6,528,254,0,12,37.8,411,413,483,0
240,2016,9,26,44630200,2016_9_26-12_23_50,2,133,3.9,-3276.8,-6,0.01,0.06,4.067,77,2,65535,255,0.52,1.44,5,65535,0,65535,3,14,-1.01,-0.96,-0.04,0.04,0.07,0.14,24.7,528,254,0,12,37.8,415,421,507,0
241,2016,9,26,44631197,2016_9_26-12_23_51,2,135,3.9,-3276.8,-6,0.01,0.03,4.067,77,1,65535,255,0.52,1.38,8,65535,0,65535,3,15,-1,-0.95,-0.01,0.03,0.06,0.14,24.7,528,254,0,12,37.8,421,425,508,0
242,2016,9,26,44632196,2016_9_26-12_23_52,2,137,4.1,-3276.8,-6,0.01,0.04,4.067,77,1,65535,255,0.52,1.2,7,65535,0,65535,3,16,-1.02,-0.97,-0.02,0.03,0.04,0.14,24.7,528,254,-75,12,37.8,414,421,507,0
243,2016,9,26,44633196,2016_9_26-12_23_53,2,139,4.1,-3276.8,-6,0.01,0.03,4.067,77,1,65535,255,0.52,1.14,6,65535,0,65535,1,0,-1,-0.96,-0.01,0.03,0.06,0.15,24.7,528,254,0,12,37.8,415,421,507,0
244,2016,9,26,44634197,2016_9_26-12_23_54,2,139,4.3,-3276.8,-6,0.01,0.03,4.067,77,1,65535,255,0.52,0.96,6,65535,0,65535,1,1,-1.02,-0.97,-0.02,0.03,0.04,0.15,24.7,528,254,-75,12,37.8,415,420,507,0
245,2016,9,26,44635197,2016_9_26-12_23_55,2,140,4.3,-3276.8,-4,0.02,0.09,4.067,77,1,65535,255,0.52,0.86,5,65535,0,65535,1,2,-1.02,-0.96,-0.04,0.02,0,0.13,24.7,528,254,0,12,37.8,415,420,508,0
246,2016,9,26,44636197,2016_9_26-12_23_56,2,141,4.5,-3276.8,-6,0.06,0.12,4.067,77,1,65535,255,0.52,1.76,4,65535,0,65535,1,3,-1.02,-0.93,-0.04,0.04,0,0.21,24.7,528,254,2,12,37.8,414,420,507,0
247,2016,9,26,44637198,2016_9_26-12_23_57,2,141,4.5,-3276.8,-7,0.03,0.07,4.067,77,1,65535,255,0.52,1.44,4,65535,0,65535,1,4,-1.03,-0.96,-0.08,0.02,0.06,0.18,24.7,528,254,-75,12,37.8,415,421,508,0
248,2016,9,26,44638198,2016_9_26-12_23_58,2,141,4.6,-3276.8,-7,0.01,0.04,4.067,77,1,65535,255,0.52,1.06,4,65535,0,65535,1,5,-1,-0.97,-0.04,0.02,0.07,0.18,24.7,528,254,0,12,37.8,415,421,507,0
249,2016,9,26,44639197,2016_9_26-12_23_59,2,141,4.6,-3276.8,-7,0.01,0.03,4.067,77,1,65535,255,0.52,0.82,3,65535,0,65535,1,6,-1,-0.97,-0.02,0.03,0.1,0.16,24.7,528,254,-75,12,37.8,415,421,507,0
250,2016,9,26,44640201,2016_9_26-12_24_0,2,141,5,-3276.8,-7,0.01,0.03,4.067,77,1,65535,255,0.52,0.7,3,65535,0,65535,1,7,-1.02,-0.97,-0.03,0.02,0.1,0.16,24.7,528,254,-75,12,37.8,414,420,507,0
251,2016,9,26,44641199,2016_9_26-12_24_1,2,141,5,-3276.8,-6,0.06,0.1,4.067,77,1,65535,255,0.52,1.4,3,65535,0,65535,1,8,-1.02,-0.93,-0.03,0.1,0.02,0.19,24.7,528,254,0,12,37.8,415,422,507,0
252,2016,9,26,44642198,2016_9_26-12_24_2,2,143,5.4,-3276.8,-6,0.03,0.14,4.067,77,1,65535,255,0.52,1.4,8,65535,0,65535,1,9,-1.09,-0.95,-0.03,0.09,-0.01,0.18,24.7,528,254,0,12,37.8,416,421,507,0
253,2016,9,26,44643198,2016_9_26-12_24_3,2,145,5.4,-3276.8,-7,0.02,0.06,4.067,77,1,65535,255,0.52,1.28,9,65535,0,65535,1,10,-1.02,-0.97,-0.01,0.04,0.06,0.18,24.7,528,254,-75,12,37.8,415,421,508,0
254,2016,9,26,44644199,2016_9_26-12_24_4,2,148,6.1,-3276.8,-7,0.04,0.07,4.067,77,1,65535,255,0.52,1.28,10,65535,0,65535,1,11,-1.01,-0.97,0,0.1,0.09,0.18,24.7,528,254,-75,12,37.8,415,421,507,0
255,2016,9,26,44645198,2016_9_26-12_24_5,2,149,6.1,-3276.8,-7,0.02,0.08,4.067,77,1,65535,255,0.52,1.04,9,65535,0,65535,2,0,-1.02,-0.97,0.02,0.13,0.07,0.18,24.7,528,254,-75,12,37.8,415,421,507,0
0,2016,9,26,44646202,2016_9_26-12_24_6,2,150,6.7,-3276.8,-7,0.01,0.03,4.067,77,1,65535,255,0.52,0.88,8,65535,0,65535,2,1,-1.01,-0.97,0.03,0.09,0.1,0.16,24.7,528,254,0,12,37.8,400,405,504,0
1,2016,9,26,44647202,2016_9_26-12_24_7,2,151,6.7,-3276.8,-7,0.01,0.04,4.067,77,1,65535,255,0.52,0.78,10,65535,0,65535,2,2,-1,-0.97,0.02,0.1,0.1,0.18,24.7,528,254,-75,12,37.8,414,420,507,0
2,2016,9,26,44648201,2016_9_26-12_24_8,2,152,6.9,-3276.8,-7,0.01,0.03,4.067,77,1,65535,255,0.52,0.74,9,65535,0,65535,2,3,-1.02,-0.96,0.02,0.09,0.09,0.16,24.7,528,254,-75,12,37.8,417,424,510,0
3,2016,9,26,44649202,2016_9_26-12_24_9,2,153,6.9,-3276.8,-7,0.01,0.03,4.067,77,1,65535,255,0.52,0.74,8,65535,0,65535,2,4,-1.01,-0.96,0.02,0.08,0.09,0.18,24.7,528,254,0,12,37.8,415,421,507,0
4,2016,9,26,44650202,2016_9_26-12_24_10,2,153,7.1,-3276.8,-7,0.01,0.04,4.067,77,1,65535,255,0.52,0.58,7,65535,0,65535,2,5,-1.01,-0.95,0.02,0.1,0.1,0.16,24.7,528,254,0,12,37.8,415,421,507,0
5,2016,9,26,44651201,2016_9_26-12_24_11,2,153,7.1,-3276.8,-7,0.01,0.04,4.067,77,1,65535,255,0.52,0.58,6,65535,0,65535,2,6,-1.01,-0.96,0.02,0.1,0.09,0.18,24.7,528,254,0,12,37.8,403,413,489,0
6,2016,9,26,44652202,2016_9_26-12_24_12,2,153,7.3,-3276.8,-7,0.01,0.03,4.067,77,1,65535,255,0.52,0.54,6,65535,0,65535,2,7,-1.02,-0.97,0.01,0.08,0.1,0.18,24.7,528,254,0,12,37.8,414,421,508,0
7,2016,9,26,44653202,2016_9_26-12_24_13,2,153,7.3,-3276.8,-7,0.01,0.04,4.067,77,0,65535,255,0.52,0.52,5,65535,0,65535,2,8,-1.01,-0.96,0.01,0.1,0.1,0.18,24.7,528,254,-75,12,37.8,421,425,515,0
8,2016,9,26,44654201,2016_9_26-12_24_14,2,153,7.5,-3276.8,-7,0.01,0.03,4.067,77,0,65535,255,0.52,0.44,5,65535,0,65535,2,9,-1.02,-0.97,0.01,0.06,0.12,0.16,24.7,528,254,-75,12,37.8,415,420,507,0
9,2016,9,26,44655203,2016_9_26-12_24_15,2,153,7.5,-3276.8,-8,0.01,0.03,4.067,77,0,65535,255,0.52,0.38,8,65535,0,65535,2,10,-1,-0.96,0.01,0.07,0.12,0.18,24.7,528,254,0,12,37.8,415,421,508,0
10,2016,9,26,44656203,2016_9_26-12_24_16,2,155,7.3,-3276.8,-8,0.01,0.03,4.067,77,0,65535,255,0.52,0.36,13,65535,0,65535,2,11,-1,-0.97,0.02,0.08,0.1,0.18,24.7,528,254,-75,12,37.8,415,422,506,0
11,2016,9,26,44657204,2016_9_26-12_24_17,2,155,7.3,-3276.8,-7,0.01,0.03,4.067,77,0,65535,255,0.58,0.32,12,65535,0,65535,2,12,-1.01,-0.96,0.01,0.06,0.1,0.18,24.7,528,254,0,12,37.8,415,421,507,0
12,2016,9,26,44658204,2016_9_26-12_24_18,2,156,7.2,-3276.8,-8,0.01,0.03,4.067,77,0,65535,255,0.58,0.32,11,65535,0,65535,2,13,-1.01,-0.96,0.01,0.07,0.12,0.18,24.7,528,254,0,12,37.8,425,426,512,0
13,2016,9,26,44659204,2016_9_26-12_24_19,2,156,7.2,-3276.8,-7,0.01,0.03,4.067,77,0,65535,255,0.68,0.3,10,65535,0,65535,2,14,-1.01,-0.96,0.01,0.08,0.1,0.16,24.7,528,254,-75,12,37.8,415,421,507,0
14,2016,9,26,44660204,2016_9_26-12_24_20,2,156,6.8,-3276.8,-7,0.01,0.03,4.067,77,0,65535,255,0.68,0.32,8,65535,0,65535,2,15,-1.02,-0.96,0.01,0.07,0.08,0.18,24.7,528,254,0,12,37.8,415,421,507,0
15,2016,9,26,44661204,2016_9_26-12_24_21,2,156,6.8,-3276.8,-7,0.01,0.04,4.067,77,0,65535,255,0.64,0.32,7,65535,0,65535,2,16,-1.01,-0.97,0.02,0.09,0.12,0.16,24.7,528,254,-75,12,37.8,411,421,495,0
16,2016,9,26,44662203,2016_9_26-12_24_22,2,157,6.7,-3276.8,-7,0.01,0.03,4.067,77,0,65535,255,0.64,0.3,7,65535,0,65535,2,17,-1.01,-0.96,0.01,0.08,0.09,0.18,24.7,528,254,-75,12,37.8,414,420,507,0
17,2016,9,26,44663203,2016_9_26-12_24_23,2,157,6.7,-3276.8,-7,0.01,0.02,4.067,77,0,65535,255,0.6,0.3,6,65535,0,65535,2,18,-1.01,-0.97,0.01,0.06,0.1,0.16,24.7,528,254,0,12,37.8,414,420,507,0
18,2016,9,26,44664204,2016_9_26-12_24_24,2,156,6.3,-3276.8,-7,0.01,0.03,4.067,77,0,65535,255,0.6,0.28,5,65535,0,65535,2,19,-1.01,-0.97,0.02,0.07,0.1,0.18,24.7,528,254,-75,12,37.8,415,420,507,0
19,2016,9,26,44665203,2016_9_26-12_24_25,2,156,6.3,-3276.8,-7,0.01,0.03,4.067,77,0,65535,255,0.64,0.26,6,65535,0,65535,2,20,-1,-0.97,0,0.06,0.1,0.16,24.7,528,254,-75,12,37.8,415,420,508,0
20,2016,9,26,44666203,2016_9_26-12_24_26,2,156,6,-3276.8,-7,0.01,0.03,4.067,77,0,65535,255,0.64,0.3,6,65535,0,65535,2,21,-1.02,-0.97,0.01,0.07,0.1,0.16,24.7,528,254,-75,12,37.8,415,421,507,0
21,2016,9,26,44667204,2016_9_26-12_24_27,2,156,6,-3276.8,-7,0.01,0.03,4.066,77,0,65535,255,0.64,0.3,6,65535,0,65535,2,22,-1,-0.96,0,0.07,0.1,0.18,24.7,528,254,-75,12,37.8,415,421,507,0
22,2016,9,26,44668203,2016_9_26-12_24_28,2,155,5.7,-3276.8,-7,0.01,0.02,4.066,77,0,65535,255,0.64,0.26,9,65535,0,65535,2,23,-1.01,-0.96,0,0.06,0.1,0.16,24.7,528,254,0,12,37.8,407,412,497,0
23,2016,9,26,44669203,2016_9_26-12_24_29,2,155,5.7,-3276.8,-7,0.04,0.02,4.066,77,0,65535,255,0.56,0.56,8,65535,0,65535,2,24,-1.01,-0.96,0,0.06,0.1,0.16,24.7,528,254,-75,12,37.8,415,421,507,0
24,2016,9,26,44670203,2016_9_26-12_24_30,2,155,5.7,-3276.8,-8,0.08,0.12,4.066,77,1,65535,255,0.56,6.38,7,65535,0,65535,0,0,-1.01,-0.97,0.01,0.14,0,0.16,24.7,531,254,-75,12,37.8,423,425,510,0
25,2016,9,26,44671204,2016_9_26-12_24_31,2,155,5.7,-3276.8,-8,0.05,0.15,4.066,77,1,65535,255,0.56,3.74,6,65535,0,65535,2,0,-1.03,-0.95,-0.08,0.18,0,0.24,24.7,528,254,0,12,37.8,415,421,507,0
26,2016,9,26,44672204,2016_9_26-12_24_32,2,155,5.8,-3276.8,-9,0.01,0.09,4.066,77,1,65535,255,0.56,3.24,6,65535,0,65535,2,1,-1,-0.97,-0.08,0.01,0.1,0.19,24.7,528,254,-75,12,37.8,416,421,508,0
27,2016,9,26,44673203,2016_9_26-12_24_33,2,155,5.8,-3276.8,-7,0.05,0.03,4.066,77,2,65535,255,0.56,3.04,5,65535,0,65535,2,2,-1.01,-0.97,-0.04,0.01,0.12,0.19,24.7,528,254,-75,12,37.8,420,425,510,0
28,2016,9,26,44674203,2016_9_26-12_24_34,2,155,5.8,-3276.8,-7,0.02,0.12,4.066,77,3,65535,255,0.56,3.94,5,65535,0,65535,2,3,-1.01,-0.96,-0.01,0.13,0.02,0.19,24.7,528,254,0,12,37.8,415,421,507,0
29,2016,9,26,44675204,2016_9_26-12_24_35,2,156,5.8,-3276.8,-7,0.01,0.06,4.066,77,3,65535,255,0.56,3.96,4,65535,0,65535,2,4,-1.01,-0.95,-0.01,0.07,0.07,0.16,24.7,528,254,-75,12,37.8,415,421,508,0
30,2016,9,26,44676203,2016_9_26-12_24_36,2,156,6.1,-3276.8,-7,0.01,0.04,4.066,77,3,65535,255,0.56,2.5,4,65535,0,65535,2,5,-1.01,-0.97,-0.01,0.03,0.08,0.16,24.7,528,254,-75,12,37.8,415,422,507,0
31,2016,9,26,44677204,2016_9_26-12_24_37,2,156,6.1,-3276.8,-7,0.01,0.03,4.066,77,2,65535,255,0.54,2.1,3,65535,0,65535,2,6,-1.01,-0.96,0,0.06,0.09,0.18,24.7,528,254,-75,12,37.8,415,420,508,0
32,2016,9,26,44678204,2016_9_26-12_24_38,2,157,6.4,-3276.8,-7,0.01,0.03,4.066,77,2,65535,255,0.54,1.54,3,65535,0,65535,2,7,-1.01,-0.96,0.01,0.07,0.09,0.16,24.7,528,254,-75,12,37.8,415,421,507,0
33,2016,9,26,44679204,2016_9_26-12_24_39,2,157,6.4,-3276.8,-7,0.01,0.03,4.066,77,2,65535,255,0.54,1.14,3,65535,0,65535,2,8,-1.01,-0.97,0,0.06,0.1,0.18,24.7,528,254,0,12,37.8,416,420,508,0
34,2016,9,26,44680204,2016_9_26-12_24_40,2,158,6.6,-3276.8,-7,0.01,0.03,4.066,77,2,65535,255,0.54,1.1,7,65535,0,65535,0,0,-1.01,-0.97,0,0.06,0.1,0.18,24.7,531,254,-75,12,37.8,403,412,477,0
35,2016,9,26,44681205,2016_9_26-12_24_41,2,158,6.6,-3276.8,-7,0.01,0.04,4.066,77,2,65535,255,0.54,0.66,12,65535,0,65535,0,0,-1.01,-0.97,0,0.07,0.08,0.18,24.7,531,254,-75,12,37.8,415,421,508,0
36,2016,9,26,44682205,2016_9_26-12_24_42,2,159,6.6,-3276.8,-8,0.01,0.04,4.066,77,1,65535,255,0.54,0.58,10,65535,0,65535,2,0,-1,-0.96,0,0.08,0.12,0.18,24.7,528,254,0,12,37.8,417,424,510,0
37,2016,9,26,44683205,2016_9_26-12_24_43,2,159,6.6,-3276.8,-8,0.01,0.04,4.066,77,1,65535,255,0.8,0.52,10,65535,0,65535,2,1,-1.02,-0.96,0.01,0.08,0.1,0.18,24.7,528,254,-75,12,37.8,415,421,508,0
38,2016,9,26,44684205,2016_9_26-12_24_44,2,159,6.5,-3276.8,-8,0.01,0.02,4.066,77,1,65535,255,0.8,0.52,10,65535,0,65535,2,2,-1.02,-0.96,0,0.06,0.12,0.16,24.7,528,254,0,12,37.8,415,420,507,0
39,2016,9,26,44685207,2016_9_26-12_24_45,2,159,6.5,-3276.8,-7,0.01,0.03,4.066,77,1,65535,255,0.74,0.76,9,65535,0,65535,2,3,-1,-0.96,0,0.07,0.1,0.18,24.7,528,254,0,12,37.8,421,428,488,0
40,2016,9,26,44686206,2016_9_26-12_24_46,2,159,6.8,-3276.8,-7,0.06,0.06,4.066,77,2,65535,255,0.74,1.3,8,65535,0,65535,2,4,-1.01,-0.96,0,0.07,0.08,0.18,24.7,528,254,-75,12,37.8,415,421,508,0
41,2016,9,26,44687206,2016_9_26-12_24_47,2,159,6.8,-3276.8,-9,0.07,0.16,4.066,77,2,65535,255,0.74,1.54,7,65535,0,65535,2,5,-1.06,-0.96,0.02,0.21,0.02,0.26,24.7,528,254,0,12,37.8,414,421,506,0
42,2016,9,26,44688207,2016_9_26-12_24_48,2,158,7,-3276.8,-9,0.03,0.13,4.066,77,2,65535,255,0.74,1.06,6,65535,0,65535,2,6,-1.01,-0.97,0.02,0.2,0.09,0.18,24.7,528,254,-75,12,37.8,415,421,507,0
43,2016,9,26,44689208,2016_9_26-12_24_49,2,158,7,-3276.8,-9,0.01,0.06,4.066,77,2,65535,255,0.74,0.74,5,65535,0,65535,2,7,-1.01,-0.96,0.01,0.07,0.14,0.18,24.7,528,254,-75,12,37.8,415,421,508,0
44,2016,9,26,44690211,2016_9_26-12_24_50,2,158,6.9,-3276.8,-9,0.01,0.02,4.066,77,2,65535,255,0.74,0.66,5,65535,0,65535,2,8,-1.01,-0.97,0.02,0.08,0.14,0.18,24.7,528,254,0,12,37.8,415,420,507,0
45,2016,9,26,44691208,2016_9_26-12_24_51,2,158,6.9,-3276.8,-10,0.01,0.04,4.066,77,2,65535,255,0.74,0.54,4,65535,0,65535,2,9,-1.01,-0.96,0.02,0.1,0.13,0.19,24.7,528,254,-75,12,37.8,415,421,507,0
46,2016,9,26,44692207,2016_9_26-12_24_52,2,158,6.8,-3276.8,-10,0.01,0.03,4.066,77,1,65535,255,0.74,0.48,4,65535,0,65535,2,10,-1,-0.96,0.02,0.09,0.13,0.19,24.7,528,254,-75,12,37.8,401,412,491,0
47,2016,9,26,44693210,2016_9_26-12_24_53,2,158,6.8,-3276.8,-10,0.02,0.02,4.066,77,1,65535,255,0.74,0.48,3,65535,0,65535,2,11,-0.98,-0.97,0.02,0.08,0.14,0.18,24.7,528,254,0,12,37.8,414,421,507,0
48,2016,9,26,44694209,2016_9_26-12_24_54,2,158,7,-3276.8,-10,0.11,0.15,4.066,77,2,65535,255,0.74,0.42,3,65535,0,65535,2,12,-1.06,-0.93,0.03,0.2,0.13,0.31,24.7,528,254,-75,12,37.8,422,428,511,0
49,2016,9,26,44695209,2016_9_26-12_24_55,2,158,7,-3276.8,-10,0.03,0.16,4.066,77,2,65535,255,0.74,2.14,3,65535,0,65535,2,13,-1,-0.93,0.01,0.25,0.03,0.18,24.7,528,254,-75,12,37.8,416,420,508,0
50,2016,9,26,44696210,2016_9_26-12_24_56,2,158,6.9,-3276.8,-10,0.03,0.07,4.066,77,3,65535,255,0.74,1.74,3,65535,0,65535,2,14,-1,-0.96,0.03,0.19,0.14,0.18,24.7,528,254,0,12,37.8,415,421,507,0
51,2016,9,26,44697210,2016_9_26-12_24_57,2,158,6.9,-3276.8,-10,0.01,0.06,4.066,77,3,65535,255,0.74,0.98,2,65535,0,65535,2,15,-1.01,-0.97,0.04,0.16,0.13,0.18,24.7,528,254,-75,12,37.8,411,428,507,0
52,2016,9,26,44698210,2016_9_26-12_24_58,2,159,7.1,-3276.8,-10,0.01,0.04,4.066,77,2,65535,255,0.74,0.82,2,65535,0,65535,2,16,-1.01,-0.97,0.04,0.14,0.14,0.18,24.7,528,254,-75,12,37.8,415,421,507,0
53,2016,9,26,44699211,2016_9_26-12_24_59,2,158,7.1,-3276.8,-10,0.01,0.03,4.066,77,2,65535,255,0.74,0.64,2,65535,0,65535,2,17,-1,-0.97,0.04,0.13,0.13,0.18,24.7,528,254,-75,12,37.8,415,421,507,0
54,2016,9,26,44700211,2016_9_26-12_25_0,2,158,7.6,-3276.8,-10,0.01,0.03,4.066,77,2,65535,255,0.74,0.46,2,65535,0,65535,2,18,-1,-0.96,0.04,0.14,0.14,0.18,24.7,528,254,-75,12,37.8,414,421,507,0
55,2016,9,26,44701211,2016_9_26-12_25_1,2,158,7.6,-3276.8,-10,0.01,0.03,4.066,77,2,65535,255,0.74,0.44,2,65535,0,65535,2,19,-1,-0.96,0.04,0.13,0.14,0.19,24.7,528,254,0,12,37.8,415,421,508,0
56,2016,9,26,44702211,2016_9_26-12_25_2,2,158,8,-3276.8,-10,0.01,0.03,4.066,77,2,65535,255,0.74,0.38,2,65535,0,65535,2,20,-1.01,-0.96,0.04,0.12,0.13,0.18,24.7,528,254,-75,12,37.8,415,421,507,0
57,2016,9,26,44703211,2016_9_26-12_25_3,2,157,8,-3276.8,-10,0.01,0.12,4.066,77,1,65535,255,0.74,0.38,2,65535,0,65535,2,21,-1,-0.97,0.04,0.1,-0.01,0.19,24.7,528,254,-75,12,37.8,414,420,507,0
58,2016,9,26,44704212,2016_9_26-12_25_4,2,157,8.4,-3276.8,-10,0.01,0.04,4.066,77,1,65535,255,0.74,0.36,1,65535,0,65535,2,22,-1.01,-0.96,0.02,0.1,0.14,0.18,24.7,528,254,0,12,37.8,414,421,507,0
59,2016,9,26,44705212,2016_9_26-12_25_5,2,157,8.4,-3276.8,-10,0.01,0.12,4.066,77,1,65535,255,0.82,0.32,1,65535,0,65535,2,23,-1.01,-0.97,0.04,0.13,0.14,0.36,24.8,528,254,-75,12,37.8,414,421,508,0
60,2016,9,26,44706211,2016_9_26-12_25_6,2,157,8.5,-3276.8,-10,0.01,0.03,4.066,77,1,65535,255,0.82,0.34,1,65535,0,65535,2,24,-1,-0.96,0.03,0.1,0.14,0.18,24.8,528,254,0,12,37.8,415,420,507,0
61,2016,9,26,44707213,2016_9_26-12_25_7,2,157,8.5,-3276.8,-10,0.01,0.04,4.065,77,1,65535,255,0.82,0.36,1,65535,0,65535,2,25,-1.01,-0.97,0.03,0.13,0.14,0.18,24.8,528,254,0,12,37.8,414,421,508,0
62,2016,9,26,44708212,2016_9_26-12_25_8,2,157,8.5,-3276.8,-10,0.01,0.04,4.065,77,1,65535,255,0.82,0.38,1,65535,0,65535,2,26,-1.01,-0.97,0.03,0.13,0.14,0.18,24.8,528,254,-75,12,37.8,415,421,507,0
63,2016,9,26,44709211,2016_9_26-12_25_9,2,156,8.5,-3276.8,-10,0.01,0.03,4.065,77,1,65535,255,0.82,0.38,1,65535,0,65535,2,27,-1,-0.97,0.04,0.13,0.14,0.19,24.8,528,254,-75,12,37.8,408,413,493,0
64,2016,9,26,44710213,2016_9_26-12_25_10,2,156,8.6,-3276.8,-10,0.01,0.04,4.065,77,1,65535,255,0.82,0.36,1,65535,0,65535,2,28,-1.02,-0.96,0.02,0.14,0.14,0.18,24.8,528,254,-75,12,37.8,415,421,508,0
65,2016,9,26,44711212,2016_9_26-12_25_11,2,156,8.6,-3276.8,-10,0.01,0.04,4.065,77,1,65535,255,0.8,0.4,1,65535,0,65535,2,29,-1,-0.96,0.02,0.12,0.14,0.19,24.8,528,254,-75,12,37.8,422,426,520,0
66,2016,9,26,44712212,2016_9_26-12_25_12,2,156,8.9,-3276.8,-10,0.01,0.12,4.065,77,1,65535,255,0.8,0.36,1,65535,0,65535,2,30,-1,-0.97,0.04,0.12,0.14,0.36,24.8,528,254,0,12,37.8,414,421,507,0
67,2016,9,26,44713215,2016_9_26-12_25_13,2,156,8.9,-3276.8,-10,0.01,0.03,4.065,77,1,65535,255,0.6,0.32,1,65535,0,65535,2,31,-1.01,-0.96,0.03,0.1,0.14,0.18,24.8,528,254,-75,12,37.8,415,421,507,0
68,2016,9,26,44714213,2016_9_26-12_25_14,2,156,8.9,-3276.8,-10,0.02,0.06,4.065,77,1,65535,255,0.6,0.32,1,65535,0,65535,2,32,-1,-0.96,0.03,0.13,0.13,0.19,24.8,528,254,-75,12,37.8,415,422,506,0
69,2016,9,26,44715216,2016_9_26-12_25_15,2,155,8.9,-3276.8,-10,0.01,0.1,4.065,77,1,65535,255,0.56,0.28,8,65535,0,65535,2,33,-1,-0.96,0.04,0.14,-0.01,0.18,24.8,528,254,0,12,37.8,416,420,508,0
70,2016,9,26,44716215,2016_9_26-12_25_16,2,155,8.9,-3276.8,-10,0.01,0.03,4.065,77,1,65535,255,0.56,0.28,7,65535,0,65535,2,34,-1.01,-0.96,0.03,0.12,0.13,0.18,24.8,528,254,-75,12,37.8,415,421,507,0
71,2016,9,26,44717212,2016_9_26-12_25_17,2,156,8.9,-3276.8,-10,0.01,0.12,4.065,77,1,65535,255,0.66,0.26,10,65535,0,65535,2,35,-1,-0.96,0.04,0.15,0.14,0.36,24.8,528,254,-75,12,37.8,415,421,507,0
72,2016,9,26,44718213,2016_9_26-12_25_18,2,155,8.6,-3276.8,-10,0.01,0.03,4.065,77,1,65535,255,0.66,0.28,11,65535,0,65535,2,36,-1,-0.97,0.04,0.14,0.14,0.18,24.8,528,254,-75,12,37.8,415,420,507,0
73,2016,9,26,44719217,2016_9_26-12_25_19,2,155,8.6,-3276.8,-10,0.01,0.04,4.065,77,0,65535,255,0.62,0.26,10,65535,0,65535,2,37,-1.01,-0.96,0.03,0.12,0.14,0.18,24.8,528,254,-75,12,37.8,415,420,507,0
74,2016,9,26,44720217,2016_9_26-12_25_20,2,155,8.1,-3276.8,-10,0.01,0.04,4.065,77,1,65535,255,0.62,0.26,12,65535,0,65535,2,38,-1,-0.97,0.04,0.13,0.15,0.19,24.8,528,254,-75,12,37.8,415,420,507,0
75,2016,9,26,44721218,2016_9_26-12_25_21,2,155,8.1,-3276.8,-10,0.01,0.04,4.065,77,0,65535,255,0.6,0.26,13,65535,0,65535,2,39,-1,-0.97,0.03,0.13,0.14,0.18,24.8,528,254,-75,12,37.8,415,419,507,0
76,2016,9,26,44722212,2016_9_26-12_25_22,2,155,7.9,-3276.8,-10,0.01,0.03,4.065,77,0,65535,255,0.6,0.28,12,65535,0,65535,2,40,-1,-0.96,0.03,0.12,0.14,0.18,24.8,528,254,0,12,37.8,415,421,507,0
77,2016,9,26,44723214,2016_9_26-12_25_23,2,155,7.9,-3276.8,-10,0.01,0.06,4.065,77,0,65535,255,0.48,0.36,10,65535,0,65535,2,41,-1,-0.96,0.04,0.15,0.14,0.18,24.8,528,254,0,12,37.8,415,421,508,0
78,2016,9,26,44724217,2016_9_26-12_25_24,2,154,7.7,-3276.8,-10,0.01,0.03,4.065,77,0,65535,255,0.48,0.36,9,65535,0,65535,2,42,-1,-0.97,0.04,0.13,0.14,0.18,24.8,528,254,-75,12,37.8,415,421,507,0
79,2016,9,26,44725215,2016_9_26-12_25_25,2,154,7.7,-3276.8,-10,0.01,0.03,4.065,77,0,65535,255,0.48,0.36,8,65535,0,65535,2,43,-1,-0.97,0.03,0.13,0.14,0.18,24.8,528,254,-75,12,37.8,415,421,507,0
80,2016,9,26,44726215,2016_9_26-12_25_26,2,154,7.5,-3276.8,-10,0.01,0.03,4.065,77,0,65535,255,0.48,0.32,7,65535,0,65535,2,44,-1.01,-0.97,0.06,0.13,0.14,0.18,24.8,528,254,0,12,37.8,408,415,491,0
81,2016,9,26,44727219,2016_9_26-12_25_27,2,155,7.5,-3276.8,-10,0.01,0.03,4.065,77,0,65535,255,0.48,0.32,6,65535,0,65535,2,45,-1,-0.96,0.04,0.1,0.14,0.18,24.8,528,254,-75,12,37.8,415,420,508,0
82,2016,9,26,44728213,2016_9_26-12_25_28,2,156,7.4,-3276.8,-10,0.01,0.04,4.065,77,0,65535,255,0.48,0.32,7,65535,0,65535,2,46,-1,-0.96,0.04,0.13,0.14,0.19,24.8,528,254,-75,12,37.8,423,429,514,0
83,2016,9,26,44729218,2016_9_26-12_25_29,2,156,7.4,-3276.8,-10,0.01,0.04,4.065,77,0,65535,255,0.48,0.34,12,65535,0,65535,2,47,-1,-0.96,0.03,0.13,0.15,0.19,24.8,528,254,-3,12,37.8,415,420,507,0
84,2016,9,26,44730215,2016_9_26-12_25_30,2,156,7.2,-3276.8,-10,0.01,0.04,4.065,77,0,65535,255,0.48,0.32,10,65535,0,65535,2,48,-1.01,-0.97,0.03,0.13,0.14,0.18,24.8,528,254,-75,12,37.8,415,421,507,0
85,2016,9,26,44731217,2016_9_26-12_25_31,2,156,7.2,-3276.8,-10,0.01,0.06,4.065,77,0,65535,255,0.64,0.32,9,65535,0,65535,2,49,-1.01,-0.96,0.03,0.14,0.13,0.18,24.8,528,254,-75,12,37.8,413,416,502,0
86,2016,9,26,44732215,2016_9_26-12_25_32,2,157,6.8,-3276.8,-10,0.01,0.06,4.065,77,0,65535,255,0.64,0.36,8,65535,0,65535,2,50,-1.01,-0.96,0.06,0.14,0.15,0.18,24.8,528,254,-75,12,37.8,415,420,508,0
87,2016,9,26,44733215,2016_9_26-12_25_33,2,157,6.8,-3276.8,-10,0.01,0.03,4.065,77,0,65535,255,0.9,0.34,7,65535,0,65535,2,51,-1.01,-0.96,0.04,0.12,0.14,0.18,24.8,528,254,-75,12,37.8,422,426,521,0
88,2016,9,26,44734219,2016_9_26-12_25_34,2,157,6.4,-3276.8,-10,0.01,0.03,4.065,77,0,65535,255,0.9,0.34,6,65535,0,65535,2,52,-1,-0.96,0.04,0.12,0.13,0.18,24.8,528,254,0,12,37.8,415,421,507,0
89,2016,9,26,44735216,2016_9_26-12_25_35,2,157,6.4,-3276.8,-10,0.01,0.04,4.065,77,0,65535,255,0.78,0.32,6,65535,0,65535,2,53,-1.01,-0.97,0.06,0.14,0.14,0.18,24.8,528,254,-75,12,37.8,415,421,507,0
90,2016,9,26,44736218,2016_9_26-12_25_36,2,157,6.1,-3276.8,-10,0.01,0.04,4.065,77,0,65535,255,0.78,0.32,5,65535,0,65535,2,54,-1,-0.97,0.03,0.13,0.12,0.18,24.8,528,254,-75,12,37.8,415,421,508,0
91,2016,9,26,44737218,2016_9_26-12_25_37,2,157,6.1,-3276.8,-10,0.01,0.03,4.065,77,0,65535,255,0.74,0.36,5,65535,0,65535,2,55,-1,-0.96,0.06,0.12,0.14,0.19,24.8,528,254,0,12,37.8,415,421,507,0
92,2016,9,26,44738219,2016_9_26-12_25_38,2,156,5.8,-3276.8,-10,0.01,0.04,4.065,77,0,65535,255,0.74,0.34,4,65535,0,65535,2,56,-1,-0.97,0.04,0.14,0.15,0.19,24.8,528,254,0,12,37.8,415,420,508,0
93,2016,9,26,44739221,2016_9_26-12_25_39,2,156,5.8,-3276.8,-10,0.01,0.04,4.065,77,0,65535,255,0.66,0.32,4,65535,0,65535,2,57,-1,-0.96,0.03,0.13,0.13,0.18,24.8,528,254,-75,12,37.8,416,420,506,0
94,2016,9,26,44740221,2016_9_26-12_25_40,2,156,5.5,-3276.8,-10,0.01,0.04,4.065,77,0,65535,255,0.66,0.3,3,65535,0,65535,2,58,-1,-0.96,0.03,0.14,0.14,0.18,24.8,528,254,0,12,37.8,416,422,508,0
95,2016,9,26,44741221,2016_9_26-12_25_41,2,156,5.5,-3276.8,-10,0.01,0.04,4.065,77,0,65535,255,0.84,0.3,3,65535,0,65535,2,59,-1,-0.96,0.07,0.14,0.14,0.19,24.8,528,254,-75,12,37.8,415,421,507,0
96,2016,9,26,44742219,2016_9_26-12_25_42,2,156,5,-3276.8,-11,0.01,0.04,4.065,77,0,65535,255,0.84,0.38,3,65535,0,65535,2,60,-1.01,-0.96,0.04,0.15,0.14,0.18,24.8,528,254,0,12,37.8,415,421,508,0
97,2016,9,26,44743219,2016_9_26-12_25_43,2,155,5,-3276.8,-10,0.01,0.04,4.065,77,0,65535,255,1.04,0.34,3,65535,0,65535,2,61,-1.01,-0.96,0.04,0.14,0.14,0.18,24.8,528,254,0,12,37.8,413,426,498,0
98,2016,9,26,44744222,2016_9_26-12_25_44,2,155,5.1,-3276.8,-10,0.01,0.04,4.065,77,1,65535,255,1.04,0.38,2,65535,0,65535,2,62,-1,-0.95,0.03,0.13,0.14,0.19,24.9,528,254,0,12,37.8,415,421,507,0
99,2016,9,26,44745221,2016_9_26-12_25_45,2,155,5.1,-3276.8,-10,0.01,0.04,4.065,77,1,65535,255,1.1,0.4,2,65535,0,65535,2,63,-1,-0.96,0.03,0.14,0.14,0.18,24.9,528,254,0,12,37.8,415,421,507,0
100,2016,9,26,44746220,2016_9_26-12_25_46,2,155,5.2,-3276.8,-10,0.02,0.09,4.065,77,1,65535,255,1.1,0.62,2,65535,0,65535,0,0,-1.01,-0.96,0.02,0.14,0.09,0.19,24.9,531,254,0,12,37.8,415,420,507,0
101,2016,9,26,44747222,2016_9_26-12_25_47,2,155,5.2,-3276.8,-9,0.03,0.09,4.065,77,1,65535,255,1.06,0.7,2,65535,0,65535,2,0,-1.01,-0.96,0.02,0.15,0.1,0.2,24.9,528,254,0,12,37.8,417,424,510,0
102,2016,9,26,44748219,2016_9_26-12_25_48,2,155,5.5,-3276.8,-10,0.04,0.08,4.065,77,1,65535,255,1.06,1.24,2,65535,0,65535,2,1,-1.03,-0.95,-0.01,0.14,0.06,0.19,24.9,528,254,0,12,37.8,415,421,507,0
103,2016,9,26,44749225,2016_9_26-12_25_49,2,155,5.5,-3276.8,-10,0.03,0.12,4.065,77,1,65535,255,1.06,0.76,2,65535,0,65535,2,2,-1,-0.97,0.08,0.16,-0.01,0.18,24.9,528,254,0,12,37.8,415,421,507,0
104,2016,9,26,44750221,2016_9_26-12_25_50,2,155,5.9,-3276.8,-10,0.03,0.07,4.065,77,1,65535,255,1.06,0.5,2,65535,0,65535,2,3,-1,-0.96,0.09,0.19,0.14,0.18,24.9,528,254,0,12,37.8,415,421,508,0
105,2016,9,26,44751221,2016_9_26-12_25_51,2,155,5.9,-3276.8,-12,0.03,0.07,4.065,77,1,65535,255,1.06,0.58,1,65535,0,65535,2,4,-1.01,-0.96,0.1,0.2,0.14,0.18,24.9,528,254,0,12,37.8,415,421,507,0
106,2016,9,26,44752226,2016_9_26-12_25_52,2,155,6.2,-3276.8,-12,0.01,0.03,4.065,77,1,65535,255,1.06,0.42,1,65535,0,65535,2,5,-1,-0.96,0.08,0.18,0.14,0.18,24.9,528,254,-75,12,37.8,414,420,507,0
107,2016,9,26,44753221,2016_9_26-12_25_53,2,155,6.2,-3276.8,-12,0.01,0.06,4.065,77,1,65535,255,0.86,0.36,1,65535,0,65535,2,6,-0.98,-0.96,0.09,0.2,0.14,0.19,24.9,528,254,0,12,37.8,415,420,508,0
108,2016,9,26,44754222,2016_9_26-12_25_54,2,155,6.5,-3276.8,-12,0.01,0.04,4.065,77,1,65535,255,0.86,0.34,1,65535,0,65535,2,7,-1,-0.96,0.1,0.19,0.14,0.18,24.9,528,254,0,12,37.8,417,424,509,0
109,2016,9,26,44755221,2016_9_26-12_25_55,2,155,6.5,-3276.8,-12,0.01,0.03,4.065,77,1,65535,255,0.6,0.28,1,65535,0,65535,2,8,-1.01,-0.96,0.09,0.18,0.15,0.18,24.9,528,254,0,12,37.8,415,422,507,0
110,2016,9,26,44756221,2016_9_26-12_25_56,2,155,6.7,-3276.8,-12,0.01,0.03,4.065,77,1,65535,255,0.6,0.28,1,65535,0,65535,2,9,-1,-0.96,0.1,0.19,0.14,0.19,24.9,528,254,0,12,37.8,415,421,507,0
111,2016,9,26,44757222,2016_9_26-12_25_57,2,154,6.7,-3276.8,-12,0.01,0.02,4.065,77,1,65535,255,0.6,0.28,1,65535,0,65535,2,10,-1,-0.95,0.12,0.18,0.15,0.18,24.9,528,254,0,12,37.8,415,420,507,0
112,2016,9,26,44758222,2016_9_26-12_25_58,2,155,6.9,-3276.8,-12,0.01,0.03,4.065,77,1,65535,255,0.6,0.3,1,65535,0,65535,2,11,-1.01,-0.97,0.1,0.19,0.14,0.18,24.9,528,254,0,12,37.8,414,420,507,0
113,2016,9,26,44759223,2016_9_26-12_25_59,2,155,6.9,-3276.8,-12,0.02,0.04,4.065,77,1,65535,255,0.92,0.28,1,65535,0,65535,2,12,-1,-0.96,0.13,0.2,0.13,0.18,24.9,528,254,0,12,37.8,415,412,513,0
114,2016,9,26,44760223,2016_9_26-12_26_0,2,155,7.1,-3276.8,-12,0.01,0.04,4.065,77,1,65535,255,0.92,0.3,1,65535,0,65535,2,13,-1.01,-0.96,0.09,0.2,0.13,0.18,24.9,528,254,0,12,37.8,415,421,507,0
115,2016,9,26,44761223,2016_9_26-12_26_1,2,155,7.1,-3276.8,-12,0.01,0.1,4.065,77,1,65535,255,0.78,0.28,1,65535,0,65535,2,14,-1,-0.97,0.1,0.2,-0.01,0.18,24.9,528,254,0,12,37.8,420,431,513,0
116,2016,9,26,44762223,2016_9_26-12_26_2,2,155,7.3,-3276.8,-12,0.01,0.03,4.065,77,1,65535,255,0.78,0.28,1,65535,0,65535,2,15,-1,-0.96,0.13,0.2,0.13,0.18,24.9,528,254,0,12,37.8,415,421,507,0
117,2016,9,26,44763223,2016_9_26-12_26_3,2,154,7.3,-3276.8,-13,0.01,0.12,4.065,77,1,65535,255,0.76,0.28,1,65535,0,65535,2,16,-1,-0.96,0.13,0.2,0.12,0.36,24.9,528,254,0,12,37.8,415,421,508,0
118,2016,9,26,44764223,2016_9_26-12_26_4,2,154,6.9,-3276.8,-12,0.02,0.06,4.065,77,1,65535,255,0.76,0.28,1,65535,0,65535,2,17,-1.01,-0.96,0.12,0.21,0.09,0.18,25,528,254,0,12,37.8,415,421,492,0
119,2016,9,26,44765223,2016_9_26-12_26_5,2,154,6.9,-3276.8,-12,0.06,0.13,4.065,77,1,65535,255,0.72,1.72,1,65535,0,65535,2,18,-1.01,-0.95,0.12,0.22,-0.01,0.19,25,528,254,0,12,37.8,415,421,507,0
120,2016,9,26,44766223,2016_9_26-12_26_6,2,154,6.8,-3276.8,-11,0.16,0.22,4.065,77,2,65535,255,0.72,2.02,1,65535,0,65535,2,19,-1.01,-0.96,0.18,0.25,-0.19,0.03,25,528,254,0,12,37.8,414,420,507,0
121,2016,9,26,44767223,2016_9_26-12_26_7,2,154,6.8,-3276.8,11,0.14,0.2,4.065,77,2,65535,255,0.72,2.42,1,65535,0,65535,2,20,-0.98,-0.91,0.14,0.22,-0.21,-0.14,25,528,254,-75,12,37.8,416,420,507,0
122,2016,9,26,44768224,2016_9_26-12_26_8,2,154,6.4,-3276.8,10,0.06,0.12,4.065,77,2,65535,255,0.72,2.26,2,65535,0,65535,2,21,-1.02,-0.93,0.09,0.21,-0.15,0.07,25,528,254,0,12,37.8,415,420,507,0
123,2016,9,26,44769224,2016_9_26-12_26_9,2,154,6.4,-3276.8,11,0.06,0.12,4.065,77,2,65535,255,0.72,1.82,1,65535,0,65535,2,22,-1.03,-0.95,0.13,0.22,-0.18,-0.03,25,528,254,0,12,37.8,415,420,509,0
124,2016,9,26,44770225,2016_9_26-12_26_10,2,155,6.1,-3276.8,12,0.03,0.12,4.065,77,2,65535,255,0.72,1.24,1,65535,0,65535,2,23,-1.03,-0.95,0.13,0.22,-0.18,-0.03,25,528,254,0,12,37.8,415,421,507,0
125,2016,9,26,44771225,2016_9_26-12_26_11,2,154,6.1,-3276.8,12,0.02,0.07,4.065,77,2,65535,255,0.72,0.88,1,65535,0,65535,2,24,-1,-0.95,0.13,0.2,-0.18,-0.09,25,528,254,0,12,37.8,401,414,500,0
126,2016,9,26,44772225,2016_9_26-12_26_12,2,154,5.8,-3276.8,12,0.01,0.04,4.065,77,2,65535,255,0.72,0.8,1,65535,0,65535,2,25,-1.02,-0.95,0.15,0.21,-0.16,-0.09,25,528,254,0,12,37.8,415,421,507,0
127,2016,9,26,44773225,2016_9_26-12_26_13,2,154,5.8,-3276.8,12,0.01,0.03,4.065,77,2,65535,255,0.72,0.64,1,65535,0,65535,2,26,-1,-0.96,0.15,0.21,-0.15,-0.07,25,528,254,0,12,37.8,421,422,511,0
128,2016,9,26,44774225,2016_9_26-12_26_14,2,153,5.8,-3276.8,12,0.04,0.06,4.065,77,2,65535,255,0.72,0.76,1,65535,0,65535,2,27,-1,-0.96,0.1,0.21,-0.15,-0.06,25,528,254,0,12,37.8,415,421,507,0
129,2016,9,26,44775225,2016_9_26-12_26_15,2,153,5.8,-3276.8,11,0.02,0.1,4.065,77,2,65535,255,0.72,0.74,1,65535,0,65535,2,28,-1,-0.95,0.08,0.2,-0.16,-0.01,25,528,254,0,12,37.8,415,421,508,0
130,2016,9,26,44776226,2016_9_26-12_26_16,2,153,5.8,-3276.8,10,0.04,0.06,4.065,77,2,65535,255,0.72,0.7,1,65535,0,65535,2,29,-1.01,-0.96,0.09,0.19,-0.14,-0.04,25,528,254,0,12,37.8,415,419,499,0
131,2016,9,26,44777225,2016_9_26-12_26_17,2,153,5.8,-3276.8,10,0.09,0.13,4.065,77,3,65535,255,0.72,0.82,1,65535,0,65535,2,30,-1.01,-0.97,0.01,0.2,-0.18,-0.03,25,528,254,2,12,37.8,414,420,507,0
132,2016,9,26,44778226,2016_9_26-12_26_18,2,153,5.8,-3276.8,10,0.04,0.13,4.065,77,3,65535,255,0.72,0.68,1,65535,0,65535,2,31,-1,-0.96,-0.01,0.04,-0.19,-0.14,25,528,254,-75,12,37.8,414,421,507,0
133,2016,9,26,44779226,2016_9_26-12_26_19,2,152,5.8,-3276.8,10,0.02,0.07,4.065,77,3,65535,255,0.72,0.54,1,65535,0,65535,2,32,-1,-0.96,0,0.08,-0.19,-0.15,25,528,254,0,12,37.8,415,421,507,0
134,2016,9,26,44780227,2016_9_26-12_26_20,2,152,5.8,-3276.8,10,0.01,0.04,4.065,77,3,65535,255,0.72,0.56,1,65535,0,65535,2,33,-1,-0.95,0.01,0.1,-0.2,-0.15,25,528,254,-75,12,37.8,415,420,508,0
135,2016,9,26,44781225,2016_9_26-12_26_21,2,150,5.8,-3276.8,10,0.01,0.04,4.065,77,3,65535,255,0.72,0.46,1,65535,0,65535,2,34,-1,-0.95,0.02,0.12,-0.2,-0.12,25,528,254,0,12,37.8,415,421,507,0
136,2016,9,26,44782226,2016_9_26-12_26_22,2,149,6.2,-3276.8,11,0.01,0.03,4.065,77,3,65535,255,0.72,0.42,1,65535,0,65535,2,35,-1,-0.96,0.02,0.09,-0.2,-0.14,25,528,254,0,12,37.9,414,420,508,0
137,2016,9,26,44783228,2016_9_26-12_26_23,2,148,6.2,-3276.8,11,0.01,0.03,4.065,77,3,65535,255,0.72,0.4,1,65535,0,65535,2,36,-0.98,-0.96,0.01,0.09,-0.19,-0.15,25,528,254,0,12,37.9,415,420,507,0
138,2016,9,26,44784227,2016_9_26-12_26_24,2,148,6.4,-3276.8,11,0.01,0.04,4.065,77,3,65535,255,0.72,0.38,1,65535,0,65535,2,37,-1,-0.95,0.02,0.1,-0.19,-0.14,25,528,254,0,12,37.9,415,421,507,0
139,2016,9,26,44785226,2016_9_26-12_26_25,2,148,6.4,-3276.8,11,0.01,0.03,4.065,77,3,65535,255,0.86,0.38,1,65535,0,65535,2,38,-1,-0.96,0.01,0.08,-0.2,-0.14,25,528,254,0,12,37.9,415,421,508,0
140,2016,9,26,44786226,2016_9_26-12_26_26,2,148,6.4,-3276.8,11,0.01,0.03,4.065,77,4,65535,255,0.86,0.38,1,65535,0,65535,2,39,-1,-0.96,0,0.08,-0.19,-0.14,25,528,254,-75,12,37.9,414,421,507,0
141,2016,9,26,44787227,2016_9_26-12_26_27,2,148,6.4,-3276.8,10,0.02,0.06,4.065,77,4,65535,255,0.86,0.38,1,65535,0,65535,2,40,-1,-0.96,0.02,0.1,-0.19,-0.14,25,528,254,0,12,37.9,415,420,507,0
142,2016,9,26,44788227,2016_9_26-12_26_28,2,148,6.4,-3276.8,10,0.01,0.04,4.065,77,4,65535,255,0.86,0.3,1,65535,0,65535,2,41,-1,-0.96,0.03,0.1,-0.19,-0.14,25,528,254,0,12,37.9,410,409,483,0
143,2016,9,26,44789228,2016_9_26-12_26_29,2,148,6.4,-3276.8,11,0.03,0.07,4.065,77,3,65535,255,0.86,0.3,1,65535,0,65535,2,42,-1,-0.96,0.04,0.14,-0.2,-0.14,25,528,254,-75,12,37.9,415,421,507,0
144,2016,9,26,44790227,2016_9_26-12_26_30,2,148,6.3,-3276.8,11,0.02,0.07,4.065,77,3,65535,255,0.86,0.3,1,65535,0,65535,3,0,-1,-0.95,0.04,0.15,-0.19,-0.13,25,528,254,0,12,37.9,422,424,513,0
